Knowledge ID	Chinese Question	English Question	Chinese Answer	English Answer	Chinese Explanation	English Explanation	Category	Subcategory	Era	Region	Difficulty	Source	Source Date	Fact Checked	Tags
geo-overview-001	中国位于亚洲的哪个部分？	In which part of Asia is China located?	东亚。	East Asia.	中国东临太平洋，陆地连接东亚、东南亚、南亚和中亚的多个地区。	China faces the Pacific and its land borders connect several parts of East, Southeast, South, and Central Asia.	geography	national_location		china	foundation	MEE_GEOGRAPHY	2026-08-06	2026-08-06	qtype::direct
geo-border-002	中国有多少个陆地邻国？	How many countries share a land border with China?	14个。	14.	漫长的陆地边界使中国同时与东北亚、东南亚、南亚和中亚相邻。	Its long land frontier makes China a neighbour of countries in Northeast, Southeast, South, and Central Asia.	geography	borders		china	foundation	MEE_GEOGRAPHY	2026-08-06	2026-08-06	qtype::direct
geo-terrain-003	中国地势总体上怎样变化？	What is the broad pattern of China's elevation?	西高东低，呈阶梯状下降。	It is high in the west and descends eastward in broad steps.	青藏高原构成最高一级，较低的高原、盆地和平原依次向东展开。	The Tibetan Plateau forms the highest step, followed eastward by lower plateaus, basins, and plains.	geography	physical_regions		national	foundation	MEE_GEOGRAPHY	2026-08-06	2026-08-06	qtype::classification
geo-plateau-004	为什么青藏高原常被称为“亚洲水塔”？	Why is the Tibetan Plateau often called the “water tower of Asia”?	因为亚洲许多大河发源于这里的高山和冰川地区。	Because the headwaters of many major Asian rivers lie in its mountains and glaciers.	长江、黄河、澜沧江等河流都从这一高原及其周边高地流出。	The Yangtze, Yellow, and Lancang-Mekong rivers all flow from this plateau and its surrounding highlands.	geography	physical_regions		tibetan_plateau	intermediate	MEE_GEOGRAPHY;NATGEO_HUANGHE	2026-08-06	2026-08-06	qtype::significance
geo-river-005	中国最长的河流是哪一条？	Which river is the longest in China?	长江。	The Yangtze River.	长江从青藏高原流向东海，是中国人口、交通和经济活动的重要轴线。	The Yangtze runs from the Tibetan Plateau to the East China Sea and is a major axis of population, transport, and economic activity.	geography	rivers		yangtze_basin	foundation	MEE_GEOGRAPHY	2026-08-06	2026-08-06	qtype::direct
geo-river-006	中国第二长的河流是哪一条？	Which river is the second longest in China?	黄河。	The Yellow River.	黄河流域是中国早期国家和农业文明的重要发展地区。	The Yellow River basin was an important region for the development of early Chinese states and agriculture.	geography	rivers		yellow_river_basin	foundation	NATGEO_HUANGHE	2026-08-06	2026-08-06	qtype::direct
geo-river-007	黄河为什么呈现明显的黄色？	Why does the Yellow River have its characteristic yellow colour?	因为河水携带大量黄土高原的泥沙。	Because it carries a heavy load of silt from the Loess Plateau.	细小的黄土颗粒进入河流，使水色变黄，也造成下游河床淤积。	Fine loess particles enter the river, colouring the water and contributing to sediment buildup downstream.	geography	rivers		loess_plateau	foundation	NATGEO_HUANGHE	2026-08-06	2026-08-06	qtype::cause
geo-river-008	黄河最终流入哪个海？	Into which sea does the Yellow River flow?	渤海。	The Bohai Sea.	黄河向东穿过华北，在山东北部附近进入渤海。	The river crosses North China eastward and enters the Bohai Sea near northern Shandong.	geography	rivers		north_china	foundation	LOC_CHINA_STUDY	2026-08-06	2026-08-06	qtype::location
geo-river-009	长江最终流入哪个海？	Into which sea does the Yangtze River flow?	东海。	The East China Sea.	长江在上海附近形成河口，连接内陆水运与沿海航运。	The Yangtze reaches the sea near Shanghai, linking inland water transport with coastal shipping.	geography	rivers		yangtze_delta	foundation	MEE_GEOGRAPHY	2026-08-06	2026-08-06	qtype::location
geo-river-010	澜沧江流出中国后通常叫什么名字？	What is the Lancang River generally called after it leaves China?	湄公河。	The Mekong River.	它从中国西南流向东南亚，是一条重要的跨境河流。	It flows from southwest China into Southeast Asia and is an important transboundary river.	geography	rivers		southwest_china	foundation	MEE_GEOGRAPHY	2026-08-06	2026-08-06	qtype::identification
geo-river-011	珠江水系与中国哪个重要经济区密切相关？	Which major economic region is closely associated with the Pearl River system?	珠江三角洲。	The Pearl River Delta.	广州、深圳、佛山、东莞等城市组成了高度城市化和工业化的区域网络。	Cities including Guangzhou, Shenzhen, Foshan, and Dongguan form a highly urbanized and industrialized regional network.	geography	rivers		pearl_river_delta	foundation	NBS_YEARBOOK_2025	2026-08-06	2026-08-06	qtype::relationship
geo-river-012	京杭大运河历史上的主要作用是什么？	What was the main historical function of the Grand Canal?	连接中国南北的水运系统。	A water-transport link between northern and southern China.	它把长江流域等粮食产区与北方政治中心连接起来，支持漕运和商业。	It connected grain-producing regions such as the Yangtze basin with northern political centres, supporting state transport and commerce.	geography	waterways		grand_canal	intermediate	LOC_CHINA_STUDY	2026-08-06	2026-08-06	qtype::significance
geo-plain-013	华北平原为什么重要？	Why is the North China Plain important?	它是人口密集的农业和城市核心区。	It is a densely populated core region of farming and cities.	黄河等河流沉积形成的平原适合耕作，也承载了北京、天津及许多历史城市周边的人口。	River sediments created cultivable land, and the region supports Beijing, Tianjin, and many historic urban areas.	geography	physical_regions		north_china_plain	foundation	NATGEO_HUANGHE;LOC_CHINA_STUDY	2026-08-06	2026-08-06	qtype::significance
geo-plateau-014	黄土高原最突出的地貌问题是什么？	What is the most prominent landform problem of the Loess Plateau?	严重的土壤侵蚀和沟壑发育。	Severe soil erosion and deeply cut gullies.	松散黄土容易被雨水冲走，泥沙随后进入黄河水系。	Loose loess is readily eroded by rain, and the sediment then enters the Yellow River system.	geography	physical_regions		loess_plateau	intermediate	NATGEO_HUANGHE	2026-08-06	2026-08-06	qtype::cause
geo-basin-015	四川盆地为什么适合形成密集人口和农业？	Why has the Sichuan Basin supported dense population and agriculture?	因为盆地气候较温暖湿润，土地肥沃，水源较丰富。	Because it has a relatively warm, humid climate, fertile land, and abundant water.	周围山地使盆地形成独特环境，成都平原尤其以农业条件良好著称。	The surrounding mountains create a distinctive environment, and the Chengdu Plain is especially noted for favourable farming conditions.	geography	physical_regions		sichuan_basin	intermediate	MEE_GEOGRAPHY;LOC_CHINA_STUDY	2026-08-06	2026-08-06	qtype::cause
geo-desert-016	塔克拉玛干沙漠位于哪个盆地？	In which basin is the Taklamakan Desert located?	塔里木盆地。	The Tarim Basin.	塔里木盆地位于新疆南部，四周有高山，内部气候极为干旱。	The Tarim Basin lies in southern Xinjiang, enclosed by high mountains and marked by an extremely arid interior.	geography	deserts		xinjiang	foundation	MEE_GEOGRAPHY	2026-08-06	2026-08-06	qtype::location
geo-desert-017	戈壁沙漠主要分布在中国的哪个方向？	In which part of China is the Gobi Desert mainly found?	中国北部和西北部，并延伸到蒙古国。	Across northern and northwestern China, extending into Mongolia.	戈壁多为砾石和裸地，并不全是连续的沙丘。	Much of the Gobi consists of gravel and exposed ground rather than continuous sand dunes.	geography	deserts		northwest_china	foundation	LOC_CHINA_STUDY	2026-08-06	2026-08-06	qtype::location
geo-mountain-018	喜马拉雅山脉位于中国的哪个边缘？	Along which edge of China do the Himalayas lie?	西南边缘。	The southwestern edge.	喜马拉雅山把青藏高原与南亚分隔开，并包括世界最高峰所在的山区。	The Himalayas separate the Tibetan Plateau from South Asia and include the region containing the world's highest peak.	geography	mountains		southwest_china	foundation	MEE_GEOGRAPHY	2026-08-06	2026-08-06	qtype::location
geo-mountain-019	秦岭在中国自然地理中常被视为什么界线？	What boundary do the Qinling Mountains often represent in China's physical geography?	中国北方与南方之间的重要自然界线。	An important natural boundary between northern and southern China.	秦岭—淮河线常用来概括气候、农业和生活方式的南北差异。	The Qinling–Huai line is often used to summarize north–south differences in climate, agriculture, and ways of life.	geography	mountains		central_china	intermediate	LOC_CHINA_STUDY	2026-08-06	2026-08-06	qtype::classification
geo-climate-020	中国东部大部分地区的降水主要受什么气候系统影响？	What climate system chiefly shapes rainfall across much of eastern China?	东亚季风。	The East Asian monsoon.	夏季湿润气流从海洋带来大量降水，冬季则多受寒冷干燥气流影响。	Moist maritime air brings much of the summer rain, while winter is more influenced by cold, dry continental air.	geography	climate		eastern_china	intermediate	MEE_GEOGRAPHY	2026-08-06	2026-08-06	qtype::cause
geo-agriculture-021	中国北方传统粮食作物以什么为主？	Which staple grain has traditionally predominated in northern China?	小麦。	Wheat.	北方较冷、较干，旱地农业普遍，小麦和玉米都很重要。	The north is generally cooler and drier, favouring dryland farming; wheat and maize are both important.	geography	agricultural_zones		north_china	foundation	LOC_CHINA_STUDY	2026-08-06	2026-08-06	qtype::classification
geo-agriculture-022	中国南方灌溉农业传统上以哪种粮食作物为中心？	Which grain traditionally lies at the centre of irrigated farming in southern China?	水稻。	Rice.	南方温暖湿润，长江流域和华南许多地区适合水田农业。	The warmer, wetter south supports paddy agriculture across much of the Yangtze basin and South China.	geography	agricultural_zones		south_china	foundation	LOC_CHINA_STUDY	2026-08-06	2026-08-06	qtype::classification
geo-sea-023	中国东部沿海从北到南主要面对哪些海域？	Which main seas border China's east coast from north to south?	渤海、黄海、东海和南海。	The Bohai Sea, Yellow Sea, East China Sea, and South China Sea.	这些海域连接中国沿海港口与东北亚、东南亚及全球航线。	These seas connect China's coastal ports with Northeast Asia, Southeast Asia, and global shipping routes.	geography	seas		coastal_china	intermediate	MEE_GEOGRAPHY	2026-08-06	2026-08-06	qtype::classification
geo-admin-024	中国的省级行政区共有多少个？	How many provincial-level divisions does China count?	34个。	34.	中华人民共和国官方划分包括23个省、5个自治区、4个直辖市和2个特别行政区；23省的口径包括台湾，台湾的政治地位存在争议。	The PRC's official classification comprises 23 provinces, 5 autonomous regions, 4 municipalities, and 2 special administrative regions; its 23-province count includes Taiwan, whose political status is disputed.	geography	administrative_divisions		china	foundation	GOV_ADMIN	2026-08-06	2026-08-06	qtype::direct sensitivity::territorial
geo-admin-025	中国的四个直辖市是哪四个？	Which four provincial-level divisions are centrally administered municipalities?	北京、天津、上海和重庆。	Beijing, Tianjin, Shanghai, and Chongqing.	直辖市与省同级，由中央政府直接管辖，并包含城市核心区和更广的行政区域。	Municipalities rank at the provincial level, are directly administered by the central government, and include both urban cores and wider territory.	geography	administrative_divisions		china	foundation	GOV_ADMIN	2026-08-06	2026-08-06	qtype::classification
geo-admin-026	中国的两个特别行政区是哪两个？	What are China's two special administrative regions?	香港和澳门。	Hong Kong and Macao.	特别行政区根据专门的基本法运行，与普通省级行政区的制度安排不同。	Each special administrative region operates under a Basic Law and has arrangements distinct from ordinary provincial-level divisions.	geography	administrative_divisions		hong_kong_macao	foundation	GOV_ADMIN;NPC_CONSTITUTION	2026-08-06	2026-08-06	qtype::classification
geo-admin-027	自治区与普通省在名称和制度设计上的主要区别是什么？	What chiefly distinguishes an autonomous region from an ordinary province in name and institutional design?	自治区是为民族区域自治而设立的省级行政区。	An autonomous region is a provincial-level division established for regional ethnic autonomy.	它仍属于中国的统一行政体系，但法律规定了与民族自治有关的机关和权限。	It remains within the unified administrative system while law provides institutions and powers connected with regional ethnic autonomy.	geography	administrative_divisions		china	intermediate	GOV_ADMIN;NPC_CONSTITUTION	2026-08-06	2026-08-06	qtype::comparison
geo-admin-028	中国的五个自治区是哪五个？	Which are China's five autonomous regions?	内蒙古、广西壮族、西藏、宁夏回族和新疆维吾尔自治区。	Inner Mongolia, Guangxi Zhuang, Tibet, Ningxia Hui, and Xinjiang Uyghur autonomous regions.	五个自治区都属于省级行政区。	All five are provincial-level divisions.	geography	administrative_divisions		china	intermediate	GOV_ADMIN	2026-08-06	2026-08-06	qtype::classification
geo-capital-029	中国的首都是哪里？	What is the capital of China?	北京。	Beijing.	北京是中央国家机关所在地，也是重要的历史、文化、教育和交通中心。	Beijing is the seat of central state institutions and a major historical, cultural, educational, and transport centre.	geography	capitals		beijing	foundation	GOV_ADMIN;NPC_CONSTITUTION	2026-08-06	2026-08-06	qtype::direct
geo-capital-030	四川省的省会是哪里？	What is the capital of Sichuan Province?	成都。	Chengdu.	成都是四川盆地西部的主要城市，也是中国西南地区的重要经济文化中心。	Chengdu is a major city in the western Sichuan Basin and an important economic and cultural centre of southwest China.	geography	provincial_capitals		sichuan	foundation	NBS_YEARBOOK_2025;LOC_CHINA_STUDY	2026-08-06	2026-08-06	qtype::direct
geo-capital-031	广东省的省会是哪里？	What is the capital of Guangdong Province?	广州。	Guangzhou.	广州位于珠江三角洲，是历史悠久的港口和华南商业中心。	Guangzhou lies in the Pearl River Delta and is a historic port and commercial centre of South China.	geography	provincial_capitals		guangdong	foundation	NBS_YEARBOOK_2025;LOC_CHINA_STUDY	2026-08-06	2026-08-06	qtype::direct
geo-capital-032	云南省政府驻在哪座城市？	In which city is the Yunnan provincial government seated?	昆明。	Kunming.	昆明位于云贵高原，是连接中国西南与东南亚的重要城市。	Kunming lies on the Yunnan–Guizhou Plateau and is an important link between southwest China and Southeast Asia.	geography	provincial_capitals		yunnan	foundation	NBS_YEARBOOK_2025;LOC_CHINA_STUDY	2026-08-06	2026-08-06	qtype::direct
geo-capital-033	陕西省的省会是哪里？	What is the capital of Shaanxi Province?	西安。	Xi'an.	西安是古代长安所在地，长期是帝国首都和丝绸之路东端的重要城市。	Xi'an occupies the site of ancient Chang'an, long an imperial capital and an important eastern terminus of Silk Road routes.	geography	provincial_capitals		shaanxi	foundation	NBS_YEARBOOK_2025;MET_CHINA_EARLY	2026-08-06	2026-08-06	qtype::direct
geo-capital-034	湖北省的省会是哪里？	What is the capital of Hubei Province?	武汉。	Wuhan.	武汉位于长江与汉江交汇处，是中国中部的重要交通和工业中心。	Wuhan stands at the confluence of the Yangtze and Han rivers and is a major transport and industrial centre in central China.	geography	provincial_capitals		hubei	foundation	NBS_YEARBOOK_2025;LOC_CHINA_STUDY	2026-08-06	2026-08-06	qtype::direct
geo-capital-035	哪座城市是湖南省的行政中心？	Which city is the administrative centre of Hunan Province?	长沙。	Changsha.	长沙位于湘江沿岸，是湖南的政治、教育和交通中心。	Changsha lies on the Xiang River and is Hunan's political, educational, and transport centre.	geography	provincial_capitals		hunan	foundation	NBS_YEARBOOK_2025	2026-08-06	2026-08-06	qtype::direct
geo-capital-036	河南省的省会是哪里？	What is the capital of Henan Province?	郑州。	Zhengzhou.	郑州位于中国主要南北和东西铁路通道的交会区域。	Zhengzhou lies near the intersection of major north–south and east–west rail corridors.	geography	provincial_capitals		henan	foundation	NBS_YEARBOOK_2025	2026-08-06	2026-08-06	qtype::direct
geo-capital-037	山东省的省会是哪里？	What is the capital of Shandong Province?	济南。	Jinan.	济南位于山东内陆，青岛则是该省更著名的沿海港口城市。	Jinan lies inland, while Qingdao is the province's better-known coastal port city.	geography	provincial_capitals		shandong	foundation	NBS_YEARBOOK_2025	2026-08-06	2026-08-06	qtype::direct
geo-capital-038	江苏省的省会是哪里？	What is the capital of Jiangsu Province?	南京。	Nanjing.	南京位于长江下游，曾多次成为中国的首都，也是长三角的重要城市。	Nanjing lies on the lower Yangtze, has repeatedly served as a capital, and is a major Yangtze Delta city.	geography	provincial_capitals		jiangsu	foundation	NBS_YEARBOOK_2025;LOC_CHINA_STUDY	2026-08-06	2026-08-06	qtype::direct
geo-capital-039	浙江省的省会是哪里？	What is the capital of Zhejiang Province?	杭州。	Hangzhou.	杭州位于钱塘江附近，以西湖、历史文化和数字经济闻名。	Hangzhou lies near the Qiantang River and is known for West Lake, its historical culture, and its digital economy.	geography	provincial_capitals		zhejiang	foundation	NBS_YEARBOOK_2025	2026-08-06	2026-08-06	qtype::direct
geo-capital-040	福建省的省会是哪里？	What is the capital of Fujian Province?	福州。	Fuzhou.	福州位于福建东部沿海附近，是该省行政和交通中心；厦门则是重要港口和经济特区。	Fuzhou is the provincial administrative and transport centre near the east coast; Xiamen is an important port and special economic zone.	geography	provincial_capitals		fujian	foundation	NBS_YEARBOOK_2025;IMF_SEZ	2026-08-06	2026-08-06	qtype::direct
geo-capital-041	安徽省的省会是哪里？	What is the capital of Anhui Province?	合肥。	Hefei.	合肥位于安徽中部，是重要的科研、教育和制造业城市。	Hefei lies in central Anhui and is an important centre for research, education, and manufacturing.	geography	provincial_capitals		anhui	foundation	NBS_YEARBOOK_2025	2026-08-06	2026-08-06	qtype::direct
geo-capital-042	江西省的省会是哪里？	What is the capital of Jiangxi Province?	南昌。	Nanchang.	南昌位于赣江沿岸，是江西的主要行政和交通中心。	Nanchang lies on the Gan River and is Jiangxi's principal administrative and transport centre.	geography	provincial_capitals		jiangxi	foundation	NBS_YEARBOOK_2025	2026-08-06	2026-08-06	qtype::direct
geo-capital-043	贵州省的省会是哪里？	What is the capital of Guizhou Province?	贵阳。	Guiyang.	贵阳位于云贵高原，是贵州的政治、交通和服务业中心。	Guiyang lies on the Yunnan–Guizhou Plateau and is Guizhou's political, transport, and service-sector centre.	geography	provincial_capitals		guizhou	foundation	NBS_YEARBOOK_2025	2026-08-06	2026-08-06	qtype::direct
geo-capital-044	甘肃省的省会是哪里？	What is the capital of Gansu Province?	兰州。	Lanzhou.	兰州位于黄河沿岸，长期是连接中国内地与西北地区的交通节点。	Lanzhou stands on the Yellow River and has long been a transport node linking China's interior with the northwest.	geography	provincial_capitals		gansu	foundation	NBS_YEARBOOK_2025;LOC_CHINA_STUDY	2026-08-06	2026-08-06	qtype::direct
geo-capital-045	青海省的省会是哪里？	What is the capital of Qinghai Province?	西宁。	Xining.	西宁位于青藏高原东北边缘，是进入青海和西藏方向的重要门户。	Xining lies on the northeastern edge of the Tibetan Plateau and is an important gateway toward Qinghai and Tibet.	geography	provincial_capitals		qinghai	foundation	NBS_YEARBOOK_2025	2026-08-06	2026-08-06	qtype::direct
geo-capital-046	辽宁省的省会是哪里？	What is the capital of Liaoning Province?	沈阳。	Shenyang.	沈阳是东北地区重要的工业和交通中心，大连则是辽宁的主要海港之一。	Shenyang is a major industrial and transport centre of the northeast, while Dalian is one of Liaoning's principal seaports.	geography	provincial_capitals		liaoning	foundation	NBS_YEARBOOK_2025	2026-08-06	2026-08-06	qtype::direct
geo-capital-047	黑龙江省的省会是哪里？	What is the capital of Heilongjiang Province?	哈尔滨。	Harbin.	哈尔滨位于松花江沿岸，是中国东北北部的重要城市。	Harbin stands on the Songhua River and is a major city in the northern part of northeast China.	geography	provincial_capitals		heilongjiang	foundation	NBS_YEARBOOK_2025	2026-08-06	2026-08-06	qtype::direct
geo-capital-048	广西壮族自治区的首府是哪里？	What is the capital of the Guangxi Zhuang Autonomous Region?	南宁。	Nanning.	南宁位于广西南部，是面向东南亚的重要区域中心。	Nanning lies in southern Guangxi and is an important regional centre facing Southeast Asia.	geography	provincial_capitals		guangxi	foundation	NBS_YEARBOOK_2025	2026-08-06	2026-08-06	qtype::direct
geo-capital-049	新疆维吾尔自治区的首府是哪里？	What is the capital of the Xinjiang Uyghur Autonomous Region?	乌鲁木齐。	Urumqi.	乌鲁木齐位于天山北侧，是新疆最大的城市和主要交通中心。	Urumqi lies north of the Tianshan Mountains and is Xinjiang's largest city and principal transport centre.	geography	provincial_capitals		xinjiang	foundation	NBS_YEARBOOK_2025;LOC_CHINA_STUDY	2026-08-06	2026-08-06	qtype::direct
geo-capital-050	西藏自治区的首府是哪里？	What is the capital of the Tibet Autonomous Region?	拉萨。	Lhasa.	拉萨位于青藏高原，是西藏的政治、文化和宗教中心。	Lhasa lies on the Tibetan Plateau and is Tibet's political, cultural, and religious centre.	geography	provincial_capitals		tibet	foundation	NBS_YEARBOOK_2025;LOC_CHINA_STUDY	2026-08-06	2026-08-06	qtype::direct
geo-city-051	深圳在中国现代城市发展史上为什么重要？	Why is Shenzhen important in the history of modern Chinese urban development?	它是改革开放初期设立的经济特区和快速城市化的代表。	It became a Special Economic Zone early in Reform and Opening Up and a symbol of rapid urbanization.	深圳靠近香港，政策试验、外资和制造业共同推动了其增长。	Its proximity to Hong Kong, policy experimentation, foreign investment, and manufacturing all contributed to its growth.	geography	major_cities		shenzhen	intermediate	IMF_SEZ;IMF_REFORM	2026-08-06	2026-08-06	qtype::significance
geo-city-052	上海最重要的地理优势之一是什么？	What is one of Shanghai's most important geographic advantages?	位于长江入海口并面向东海。	Its position at the Yangtze estuary facing the East China Sea.	这一位置使上海同时连接广阔内陆、沿海经济区和国际航线。	This position connects Shanghai with a vast inland hinterland, the coastal economy, and international shipping routes.	geography	major_cities		shanghai	foundation	MEE_GEOGRAPHY;LOC_CHINA_STUDY	2026-08-06	2026-08-06	qtype::significance
geo-city-053	重庆作为直辖市有什么显著的空间特点？	What is a notable spatial feature of Chongqing as a municipality?	行政区域广大，包含中心城区、山区、县和农村地区。	Its large territory includes a central city, mountains, counties, and rural areas.	“直辖市”并不只指连续的城市建成区，重庆尤其说明了这一点。	A municipality is not merely a continuous built-up city, and Chongqing makes this especially clear.	geography	major_cities		chongqing	intermediate	GOV_ADMIN;MEE_GEOGRAPHY	2026-08-06	2026-08-06	qtype::comparison
geo-city-054	天津的传统城市角色与哪种地理条件有关？	Which geographic condition is linked to Tianjin's traditional urban role?	靠近北京并拥有渤海港口。	Its proximity to Beijing and its Bohai port.	天津长期承担首都门户、港口和北方工业城市等功能。	Tianjin has long served as a gateway to the capital, a port, and a northern industrial city.	geography	major_cities		tianjin	intermediate	LOC_CHINA_STUDY	2026-08-06	2026-08-06	qtype::cause
geo-region-055	长江三角洲通常以上海和哪两个省为核心？	Which two provinces, together with Shanghai, form the core of the Yangtze River Delta?	江苏省和浙江省。	Jiangsu and Zhejiang provinces.	这一地区城市密集，制造业、服务业、港口和交通网络高度发达。	The region has a dense urban network and highly developed manufacturing, services, ports, and transport.	geography	regional_groupings		yangtze_delta	foundation	NBS_YEARBOOK_2025	2026-08-06	2026-08-06	qtype::classification
geo-region-056	“京津冀”指哪三个省级地区？	Which three provincial-level areas make up Jing-Jin-Ji?	北京、天津和河北。	Beijing, Tianjin, and Hebei.	这一概念用于讨论首都地区的交通、产业、环境和城市协调发展。	The term is used in discussing coordinated transport, industry, environmental policy, and urban development around the capital.	geography	regional_groupings		jing_jin_ji	foundation	NBS_YEARBOOK_2025	2026-08-06	2026-08-06	qtype::classification
geo-region-057	“东北三省”通常指哪三个省？	Which provinces are usually meant by the “three northeastern provinces”?	辽宁、吉林和黑龙江。	Liaoning, Jilin, and Heilongjiang.	东北地区以寒冷气候、黑土地、重工业传统和与俄罗斯、朝鲜半岛相邻而著称。	The northeast is known for its cold climate, black soils, heavy-industry legacy, and proximity to Russia and the Korean Peninsula.	geography	regional_groupings		northeast_china	foundation	NBS_YEARBOOK_2025	2026-08-06	2026-08-06	qtype::classification
geo-region-058	粤港澳大湾区包括哪两个特别行政区？	Which two special administrative regions are part of the Guangdong–Hong Kong–Macao Greater Bay Area?	香港和澳门。	Hong Kong and Macao.	该区域还包括珠江三角洲的广州、深圳等广东城市。	The region also includes Guangdong cities in the Pearl River Delta, such as Guangzhou and Shenzhen.	geography	regional_groupings		greater_bay_area	foundation	GOV_ADMIN;NBS_YEARBOOK_2025	2026-08-06	2026-08-06	qtype::classification
geo-region-059	中国官方统计中的东部地区为何具有经济地理意义？	Why is China's official eastern-region grouping economically significant?	它集中许多沿海省市和主要城市经济区。	It contains many coastal provinces and major metropolitan economies.	北京、上海、江苏、浙江、福建、山东、广东等都被列入东部地区。	Beijing, Shanghai, Jiangsu, Zhejiang, Fujian, Shandong, and Guangdong are among the areas classified as eastern.	geography	regional_groupings		eastern_china	intermediate	NBS_YEARBOOK_2025	2026-08-06	2026-08-06	qtype::significance
geo-region-060	海南省最突出的地理特点是什么？	What is Hainan Province's most distinctive geographic feature?	它以海南岛为主体，是中国最南端的省份。	It is centred on Hainan Island and is China's southernmost province.	热带气候、海岸和面向南海的位置影响了其农业、旅游和对外联系。	Its tropical climate, coastline, and position on the South China Sea shape its agriculture, tourism, and external links.	geography	islands		hainan	foundation	MEE_GEOGRAPHY	2026-08-06	2026-08-06	qtype::direct
geo-region-061	台湾海峡位于哪两个主要陆地区域之间？	Between which two main land areas does the Taiwan Strait lie?	中国大陆东南沿海与台湾岛之间。	Between the southeast coast of mainland China and the island of Taiwan.	海峡北接东海、南连南海，是东亚重要海域的一部分。	The strait connects the East China Sea to the north with the South China Sea to the south and forms part of an important East Asian maritime zone.	geography	seas		taiwan_strait	foundation	MEE_GEOGRAPHY	2026-08-06	2026-08-06	qtype::location
geo-population-062	中国人口为什么主要集中在东部？	Why is China's population concentrated mainly in the east?	东部有较多平原、河流、降水、耕地、城市和交通网络。	The east has more plains, rivers, rainfall, farmland, cities, and transport networks.	西部面积广大，但高原、山地和干旱区较多，人口密度通常较低。	The west is vast but contains more plateau, mountain, and arid environments, so population density is generally lower.	geography	population_distribution		china	intermediate	MEE_GEOGRAPHY;NBS_CENSUS_2020	2026-08-06	2026-08-06	qtype::cause
geo-line-063	“胡焕庸线”用来概括什么地理现象？	What geographic pattern does the Hu Huanyong Line summarize?	中国人口在东南稠密、西北稀疏的分布差异。	The contrast between dense population in the southeast and sparse population in the northwest.	这条概念线不是行政边界，而是说明人口与自然环境、历史开发和城市网络的关系。	It is not an administrative boundary but a conceptual line showing how population relates to environment, historical settlement, and urban networks.	geography	population_distribution		china	advanced	NBS_CENSUS_2020;MEE_GEOGRAPHY	2026-08-06	2026-08-06	qtype::significance
geo-climate-064	中国从东南沿海到西北内陆，湿润程度总体怎样变化？	How does moisture generally change from China's southeast coast to its northwest interior?	总体由湿润变为干旱。	It generally shifts from humid to arid.	海洋季风带来的水汽向内陆减少，而西北远离海洋并受山地阻挡。	Moisture from maritime monsoons diminishes inland, while the northwest is far from the sea and lies behind mountain barriers.	geography	climate		china	foundation	MEE_GEOGRAPHY	2026-08-06	2026-08-06	qtype::comparison
geo-earthquake-065	中国西部和西南部为什么多地震活动？	Why are many parts of western and southwestern China seismically active?	因为印度板块与欧亚板块的碰撞持续影响该地区。	Because the collision of the Indian and Eurasian plates continues to affect the region.	青藏高原及其边缘的地壳变形形成多条活动断裂带。	Crustal deformation across the Tibetan Plateau and its margins creates many active fault zones.	geography	natural_hazards		western_china	intermediate	MEE_GEOGRAPHY	2026-08-06	2026-08-06	qtype::cause
hist-prehistory-001	中国新石器时代最重要的社会变化之一是什么？	What was one of the most important social changes in Neolithic China?	定居农业村落逐渐发展。	The growth of settled farming villages.	北方种植粟黍、南方种植水稻的农业传统，为更复杂的社会组织奠定基础。	Farming traditions based on millet in the north and rice in the south helped support more complex social organization.	history	prehistory	neolithic	china	foundation	LOC_CHINA_STUDY	2026-08-06	2026-08-06	qtype::significance
hist-prehistory-002	黄河流域与中国早期文明有什么关系？	How is the Yellow River basin related to early Chinese civilization?	它是早期农业、城市和王朝国家形成的核心地区之一。	It was one of the core regions where early farming, cities, and dynastic states developed.	这一流域并非中国文明的唯一来源，但长期是政治和文化重心。	It was not the only source of Chinese civilization, but it remained a major political and cultural centre.	history	prehistory	neolithic	yellow_river_basin	foundation	NATGEO_HUANGHE;LOC_CHINA_STUDY	2026-08-06	2026-08-06	qtype::significance
hist-prehistory-003	长江流域在中国早期农业史上尤其与哪种作物有关？	Which crop is especially associated with the early agricultural history of the Yangtze basin?	水稻。	Rice.	长江中下游的考古遗址显示，稻作农业很早就在南方发展。	Archaeological sites in the middle and lower Yangtze show that rice farming developed early in southern China.	history	prehistory	neolithic	yangtze_basin	foundation	LOC_CHINA_STUDY	2026-08-06	2026-08-06	qtype::direct
hist-prehistory-004	仰韶文化通常与中国哪个大区域有关？	With which broad region is the Yangshao culture associated?	黄河中游及其周边。	The middle Yellow River region and nearby areas.	仰韶文化以新石器时代村落、农业和彩陶闻名。	The Yangshao culture is known for Neolithic villages, farming, and painted pottery.	history	prehistory	neolithic	yellow_river_basin	intermediate	LOC_CHINA_STUDY	2026-08-06	2026-08-06	qtype::location
hist-prehistory-005	良渚文化最著名的物质文化之一是什么？	What is one of the best-known material traditions of the Liangzhu culture?	精美的玉器。	Finely worked jade objects.	良渚遗址位于长江下游，显示出复杂的社会分层和大型公共工程。	Liangzhu sites in the lower Yangtze reveal complex social hierarchy and large public works.	history	prehistory	neolithic	lower_yangtze	intermediate	LOC_CHINA_STUDY	2026-08-06	2026-08-06	qtype::direct
hist-prehistory-006	“龙山文化”常用来描述中国新石器时代晚期的什么趋势？	What late-Neolithic trend is often associated with the Longshan cultures?	城墙聚落、社会分层和区域竞争的增强。	The growth of walled settlements, hierarchy, and regional competition.	这些变化说明一些地区正走向更集中的政治组织。	These developments suggest that some regions were moving toward more centralized political organization.	history	prehistory	late_neolithic	north_china	intermediate	LOC_CHINA_STUDY	2026-08-06	2026-08-06	qtype::significance
hist-prehistory-007	夏朝在历史研究中为什么需要谨慎表述？	Why should the Xia dynasty be described cautiously in historical study?	传统文献记载丰富，但其与考古遗址的对应仍有争论。	Traditional texts describe it, but its precise identification with archaeological remains remains debated.	二里头文化常与夏朝问题联系起来，但学术界不会把这种联系简单视为完全确定。	The Erlitou culture is often discussed in relation to Xia, but scholars do not treat the identification as entirely settled.	history	early_states	xia	yellow_river_basin	advanced	LOC_CHINA_STUDY	2026-08-06	2026-08-06	qtype::qualification
hist-prehistory-008	二里头遗址为何对研究中国早期国家重要？	Why is the Erlitou site important for studying early Chinese states?	它显示了大型宫殿、手工业和社会分化等早期国家特征。	It shows early-state features such as large palatial buildings, specialized crafts, and social differentiation.	二里头位于河南，是理解青铜时代早期政治中心的重要考古材料。	Located in Henan, Erlitou is key archaeological evidence for understanding early Bronze Age political centres.	history	early_states	early_bronze_age	henan	intermediate	LOC_CHINA_STUDY	2026-08-06	2026-08-06	qtype::significance
hist-shang-009	哪个早期中国王朝留下了大量甲骨文？	Which early Chinese dynasty left a large body of oracle-bone inscriptions?	商朝。	The Shang dynasty.	殷墟出土的甲骨文记录祭祀、战争、天气和王室事务，是早期文字史的重要证据。	Oracle bones from Anyang record divination about ritual, war, weather, and royal affairs and are crucial evidence for early writing.	history	shang	shang	henan	foundation	MET_CHINA_EARLY;LOC_CHINA_STUDY	2026-08-06	2026-08-06	qtype::direct
hist-shang-010	商代青铜器为什么重要？	Why are Shang bronze vessels important?	它们体现了高度发展的铸造技术和礼制文化。	They demonstrate advanced casting technology and a ritual culture.	大型礼器常由统治精英用于祭祀和祖先崇拜，也显示政治权力和资源组织能力。	Large ritual vessels were used by elites in sacrifice and ancestor worship and reveal political power and resource mobilization.	history	shang	shang	yellow_river_basin	intermediate	MET_CHINA_EARLY	2026-08-06	2026-08-06	qtype::significance
hist-shang-011	商朝晚期最著名的都城遗址在哪里？	Where is the best-known late Shang capital site?	河南安阳的殷墟。	Yinxu at Anyang in Henan.	殷墟出土宫殿遗迹、王陵、青铜器和甲骨文。	Yinxu has yielded palace remains, royal tombs, bronzes, and oracle-bone inscriptions.	history	shang	shang	henan	foundation	MET_CHINA_EARLY	2026-08-06	2026-08-06	qtype::location
hist-shang-012	甲骨文主要写在什么材料上？	On what materials were oracle-bone inscriptions mainly written?	龟甲和兽骨。	Turtle plastrons and animal bones.	这些材料经过占卜加热后，裂纹被解释并记录。	The materials were heated for divination, after which the cracks were interpreted and recorded.	history	shang	shang	henan	foundation	MET_CHINA_EARLY	2026-08-06	2026-08-06	qtype::direct
hist-zhou-013	周朝用什么观念解释取代商朝的合法性？	What concept did the Zhou use to justify replacing the Shang?	天命。	The Mandate of Heaven.	这一观念认为统治者若失德，天命可以转移到新的王朝。	The concept held that if a ruler lost virtue, Heaven's mandate could pass to a new dynasty.	history	zhou	western_zhou	china	foundation	SEP_CONFUCIUS;MET_CHINA_EARLY	2026-08-06	2026-08-06	qtype::significance
hist-zhou-014	西周政治秩序依靠什么关系维系统治？	What relationships helped sustain the Western Zhou political order?	王室与诸侯之间的宗族、封建和礼制关系。	Kinship, enfeoffment, and ritual ties between the royal house and regional lords.	周王把土地和权力授予亲族及盟友，地方统治者则承担军事和礼仪义务。	The Zhou king granted territory and authority to relatives and allies, who owed military and ritual obligations.	history	zhou	western_zhou	china	intermediate	LOC_CHINA_STUDY	2026-08-06	2026-08-06	qtype::cause
hist-zhou-015	西周与东周的分界通常以什么事件为标志？	What event conventionally marks the transition from Western Zhou to Eastern Zhou?	周王室东迁洛邑。	The Zhou court's eastward move to Luoyi.	公元前771年后，周王室权力减弱，诸侯竞争更加明显。	After 771 BCE, royal power weakened and competition among regional states became more pronounced.	history	zhou	eastern_zhou	central_china	intermediate	MET_CHINA_EARLY	2026-08-06	2026-08-06	qtype::chronology
hist-zhou-016	春秋时期的名称来自哪部传统史书？	From which traditional chronicle does the Spring and Autumn period take its name?	《春秋》。	The Spring and Autumn Annals.	这部编年史与鲁国和孔子传统相联系，后人用其名称指东周前半期。	The chronicle is associated with the state of Lu and the Confucian tradition, and its title became the name of the earlier Eastern Zhou period.	history	zhou	spring_and_autumn	china	intermediate	SEP_CONFUCIUS	2026-08-06	2026-08-06	qtype::identification
hist-zhou-017	孔子生活在哪个历史时期？	In which historical period did Confucius live?	春秋时期晚期。	The late Spring and Autumn period.	孔子的思想关注礼、仁、教育和有德的政治，后来深刻影响中国社会。	Confucius emphasized ritual, humaneness, education, and virtuous government, ideas that later deeply influenced Chinese society.	history	intellectual_history	spring_and_autumn	shandong	foundation	SEP_CONFUCIUS	2026-08-06	2026-08-06	qtype::chronology
hist-zhou-018	战国时期与春秋时期相比有什么总体变化？	What broad change distinguishes the Warring States period from the Spring and Autumn period?	较少而更强的国家进行更集中的战争和改革。	Fewer, stronger states fought more centralized wars and pursued deeper reforms.	各国发展官僚、税收和大规模军队，为后来的统一帝国准备了制度条件。	States developed bureaucracies, taxation, and mass armies, creating institutional conditions for later empire.	history	zhou	warring_states	china	intermediate	MET_CHINA_EARLY;LOC_CHINA_STUDY	2026-08-06	2026-08-06	qtype::comparison
hist-zhou-019	“诸子百家”为什么与战国时期密切相关？	Why are the “Hundred Schools of Thought” closely associated with the Warring States period?	政治竞争促使思想家提出不同的治国和伦理方案。	Political competition encouraged thinkers to propose different programs of government and ethics.	儒家、道家、墨家和法家等传统都在这一思想环境中形成或发展。	Confucian, Daoist, Mohist, and Legalist traditions formed or developed in this intellectual environment.	history	intellectual_history	warring_states	china	intermediate	SEP_CONFUCIUS	2026-08-06	2026-08-06	qtype::cause
hist-zhou-020	《道德经》与哪个思想传统关系最密切？	With which intellectual tradition is the Daodejing most closely associated?	道家。	Daoism.	该书探讨“道”、自然、自发性和少为而治等主题。	The text explores the Dao, nature, spontaneity, and limited or non-coercive action in government.	history	intellectual_history	warring_states	china	foundation	MET_CHINA_EARLY	2026-08-06	2026-08-06	qtype::identification
hist-warring-021	战国七雄通常指哪些国家？	Which states are conventionally called the Seven Warring States?	秦、楚、齐、燕、韩、赵、魏。	Qin, Chu, Qi, Yan, Han, Zhao, and Wei.	它们是战国后期竞争中最强的主要国家。	They were the principal strong states in the later Warring States competition.	history	warring_states	warring_states	china	intermediate	MET_CHINA_EARLY	2026-08-06	2026-08-06	qtype::classification
hist-warring-022	商鞅变法主要在哪个国家推行？	In which state were Shang Yang's reforms chiefly implemented?	秦国。	The state of Qin.	改革加强户籍、奖励军功、发展农业并提高中央控制能力。	The reforms strengthened registration, rewarded military merit, promoted agriculture, and increased central control.	history	warring_states	warring_states	qin	intermediate	LOC_CHINA_STUDY	2026-08-06	2026-08-06	qtype::direct
hist-warring-023	法家思想在战国政治中强调什么？	What did Legalist thought emphasize in Warring States politics?	明确的法律、奖惩和强有力的国家权力。	Clear laws, rewards and punishments, and strong state power.	法家关心如何建立能有效控制官员、军队和资源的制度。	Legalist thinkers focused on institutions capable of controlling officials, armies, and resources effectively.	history	intellectual_history	warring_states	china	intermediate	LOC_CHINA_STUDY	2026-08-06	2026-08-06	qtype::significance
hist-warring-024	战国时期铁器普及对社会有什么影响？	How did the spread of iron tools affect Warring States society?	它促进农业开垦、生产和军事装备的发展。	It expanded cultivation, production, and military equipment.	更高的生产能力帮助国家增加人口、税收和军队规模。	Greater productive capacity helped states support larger populations, tax bases, and armies.	history	technology_history	warring_states	china	intermediate	LOC_CHINA_STUDY	2026-08-06	2026-08-06	qtype::cause
hist-warring-025	都江堰水利工程最初修建于哪个时期？	During which period was the Dujiangyan irrigation system first built?	战国时期的秦国。	The state of Qin during the Warring States period.	它利用分水和排沙设计灌溉成都平原，并减轻洪水风险。	Its water-diversion and sediment-control design irrigated the Chengdu Plain and reduced flood risk.	history	technology_history	warring_states	sichuan	intermediate	LOC_CHINA_STUDY	2026-08-06	2026-08-06	qtype::chronology
hist-qin-026	哪个王朝第一次统一了中国主要战国？	Which dynasty first unified the major Warring States?	秦朝。	The Qin dynasty.	秦王政在公元前221年完成征服，自称“始皇帝”。	King Zheng of Qin completed the conquests in 221 BCE and styled himself the First Emperor.	history	qin	qin	china	foundation	MET_CHINA_EARLY	2026-08-06	2026-08-06	qtype::direct
hist-qin-027	秦始皇这个称号是什么意思？	What does the title Qin Shihuang mean?	秦朝的“始皇帝”，即第一位皇帝。	The “First Emperor” of Qin.	这一新称号表达了他建立统一帝国和开创新王朝秩序的主张。	The new title expressed his claim to found a unified empire and a new dynastic order.	history	qin	qin	china	foundation	MET_CHINA_EARLY	2026-08-06	2026-08-06	qtype::identification
hist-qin-028	秦统一后为什么推行度量衡标准化？	Why did Qin standardize weights and measures after unification?	为了便利税收、贸易和国家行政。	To facilitate taxation, trade, and state administration.	统一标准减少各地制度差异，帮助中央政府管理广阔领土。	Common standards reduced regional differences and helped the central government administer a large territory.	history	qin	qin	china	foundation	MET_CHINA_EARLY;LOC_CHINA_STUDY	2026-08-06	2026-08-06	qtype::cause
hist-qin-029	秦统一文字规范的主要政治作用是什么？	What was the main political effect of Qin script standardization?	使帝国行政文书更统一。	It made imperial administration more uniform in writing.	各地仍有语言差异，但统一书写规范有利于官僚命令和记录流通。	Spoken differences remained, but standardized writing aided the circulation of official orders and records.	history	qin	qin	china	intermediate	MET_CHINA_EARLY	2026-08-06	2026-08-06	qtype::significance
hist-qin-030	秦朝的郡县制与周代封建关系相比有什么不同？	How did the Qin commandery-county system differ from Zhou enfeoffment?	地方官由中央任命，而不是依靠世袭诸侯统治。	Local officials were appointed by the centre rather than ruling as hereditary lords.	这种制度加强了皇帝和中央官僚对地方的直接控制。	This strengthened direct control of local government by the emperor and central bureaucracy.	history	qin	qin	china	intermediate	LOC_CHINA_STUDY	2026-08-06	2026-08-06	qtype::comparison
hist-qin-031	秦修建和连接长城段落的主要目的是什么？	What was the main purpose of Qin construction and linkage of frontier walls?	防御北方边境并控制交通通道。	To defend the northern frontier and control routes of movement.	秦并非从零建成今天看到的长城，而是连接和扩建更早各国的防御工程。	Qin did not build today's Great Wall from nothing; it linked and extended earlier states' fortifications.	history	qin	qin	northern_china	intermediate	MET_CHINA_EARLY	2026-08-06	2026-08-06	qtype::qualification
hist-qin-032	秦始皇陵兵马俑的主要功能是什么？	What was the main function of the Terracotta Army at Qin Shihuang's mausoleum?	作为皇帝陵墓的守卫和陪葬军队。	To serve as a guardian and funerary army for the emperor's tomb.	真人大小的陶俑显示秦帝国的军事组织、工艺和大规模动员能力。	The life-size figures reveal Qin military organization, craftsmanship, and capacity for mass mobilization.	history	qin	qin	shaanxi	foundation	MET_CHINA_EARLY	2026-08-06	2026-08-06	qtype::significance
hist-qin-033	秦朝为什么很快灭亡？	Why did the Qin dynasty collapse quickly?	高压统治、沉重徭役和继承危机引发广泛反抗。	Harsh rule, heavy labour demands, and a succession crisis provoked widespread rebellion.	统一制度影响深远，但王朝本身只维持了很短时间。	Its unifying institutions had lasting influence, but the dynasty itself endured only briefly.	history	qin	qin	china	intermediate	LOC_CHINA_STUDY	2026-08-06	2026-08-06	qtype::cause
hist-qin-034	秦朝之后建立的是哪个主要王朝？	Which major dynasty followed the Qin?	汉朝。	The Han dynasty.	秦末战争后，刘邦建立汉朝，并在保留许多秦制的同时调整统治方式。	After the wars following Qin's collapse, Liu Bang founded Han and retained many Qin institutions while modifying their use.	history	qin_han_transition	han	china	foundation	MET_CHINA_EARLY	2026-08-06	2026-08-06	qtype::chronology
hist-qin-035	“China”这一西方名称通常与哪个古代国名相联系？	The Western name “China” is commonly linked to which ancient state or dynasty name?	秦。	Qin.	这种词源联系很常见，但名称传播经过了多种语言和漫长历史过程。	This etymological link is widely accepted, though the name travelled through several languages over a long period.	history	qin	qin	china	intermediate	MET_CHINA_EARLY	2026-08-06	2026-08-06	qtype::identification
hist-han-036	汉朝大致分为哪两个主要阶段？	Into which two main phases is the Han dynasty conventionally divided?	西汉和东汉。	Western Han and Eastern Han.	两个阶段之间有王莽建立的新朝，首都也由长安转到洛阳。	They were separated by Wang Mang's Xin dynasty, and the capital shifted from Chang'an to Luoyang.	history	han	han	china	foundation	MET_CHINA_EARLY;LOC_CHINA_STUDY	2026-08-06	2026-08-06	qtype::classification
hist-han-037	西汉的首都在哪里？	Where was the capital of Western Han?	长安，今西安附近。	Chang'an, near modern Xi'an.	长安是帝国行政中心，也是连接内地与中亚交通网络的重要城市。	Chang'an was an imperial administrative centre and a major link between the interior and routes toward Central Asia.	history	han	western_han	shaanxi	foundation	MET_CHINA_EARLY	2026-08-06	2026-08-06	qtype::location
hist-han-038	汉武帝时期最重要的对外扩展之一朝哪个方向？	In which direction did one of the most important Han expansions under Emperor Wu occur?	向西进入河西走廊和中亚交通区域。	Westward into the Hexi Corridor and routes toward Central Asia.	这有助于建立后来被称为丝绸之路的长期交流网络。	This helped establish the long-distance exchange networks later called the Silk Road.	history	han	western_han	northwest_china	intermediate	MET_CHINA_EARLY	2026-08-06	2026-08-06	qtype::significance
hist-han-039	“丝绸之路”主要指什么？	What does the “Silk Road” chiefly refer to?	连接中国、中亚及更远地区的多条陆路交流网络。	Multiple overland exchange networks linking China, Central Asia, and regions farther west.	它不是一条固定道路，运输的不只有丝绸，也包括宗教、技术、艺术和其他商品。	It was not a single fixed road and carried religions, technologies, art, and many goods besides silk.	history	trade_history	han	eurasia	foundation	MET_CHINA_EARLY	2026-08-06	2026-08-06	qtype::qualification
hist-han-040	司马迁最著名的历史著作是什么？	What is Sima Qian's best-known historical work?	《史记》。	The Records of the Grand Historian.	《史记》以本纪、世家、列传等体例叙述从传说时代到汉代的历史，影响后世正史写作。	The work organized history through annals, hereditary houses, and biographies, strongly influencing later official histories.	history	historiography	western_han	china	foundation	MET_CHINA_EARLY	2026-08-06	2026-08-06	qtype::direct
hist-han-041	汉代儒学与国家治理的关系发生了什么变化？	How did the relationship between Confucian learning and government change under Han?	儒学逐渐成为国家教育和政治思想的重要基础。	Confucian learning gradually became a major foundation of state education and political thought.	汉代国家仍使用法律和官僚制度等多种传统，并非只按单一儒家原则治理。	The Han state still used law, bureaucracy, and multiple intellectual traditions; it did not govern by a single Confucian formula.	history	han	han	china	intermediate	SEP_CONFUCIUS;LOC_CHINA_STUDY	2026-08-06	2026-08-06	qtype::qualification
hist-han-042	纸的改进和普及通常与哪个朝代密切相关？	With which dynasty is the improvement and spread of paper closely associated?	汉朝。	The Han dynasty.	传统上蔡伦与东汉造纸改进相联系，但更早的纸张考古发现也已存在。	Cai Lun is traditionally associated with improvements in Eastern Han papermaking, though archaeological examples of earlier paper also exist.	history	technology_history	eastern_han	china	intermediate	LOC_CHINA_STUDY	2026-08-06	2026-08-06	qtype::qualification
hist-han-043	东汉末年为什么进入长期分裂？	Why did China enter a long period of division after the Eastern Han?	宫廷斗争、地方军阀、财政压力和大规模叛乱削弱了中央权力。	Court conflict, regional warlords, fiscal strain, and large rebellions weakened the centre.	汉朝灭亡后，多个政权竞争，最终形成三国局面。	After Han fell, competing regimes eventually produced the Three Kingdoms division.	history	han	eastern_han	china	intermediate	LOC_CHINA_STUDY	2026-08-06	2026-08-06	qtype::cause
hist-han-044	黄巾起义发生在什么历史背景下？	In what historical context did the Yellow Turban Rebellion occur?	东汉末年的政治和社会危机中。	During the political and social crisis of the late Eastern Han.	这场大规模宗教性起义进一步削弱朝廷，并推动地方军事力量壮大。	The large religiously inspired revolt further weakened the court and encouraged the rise of regional military power.	history	han	eastern_han	china	intermediate	LOC_CHINA_STUDY	2026-08-06	2026-08-06	qtype::significance
hist-han-045	汉朝在中国历史框架中的核心意义是什么？	What is the central significance of the Han dynasty in China's historical framework?	它巩固了统一帝国、官僚治理和共同政治文化。	It consolidated unified empire, bureaucratic government, and a shared political culture.	“汉”后来也成为中国主体民族和汉字等名称的重要组成部分。	“Han” later became central to terms for China's majority ethnic group and the Chinese writing system.	history	han	han	china	foundation	MET_CHINA_EARLY;LOC_CHINA_STUDY	2026-08-06	2026-08-06	qtype::significance
hist-division-046	汉朝灭亡后最著名的三个竞争政权是什么？	Which three rival states are best known from the period after Han's collapse?	魏、蜀、吴。	Wei, Shu, and Wu.	这就是后来文学和大众文化中著名的三国时期。	These states define the Three Kingdoms period later made famous in literature and popular culture.	history	period_of_division	three_kingdoms	china	foundation	LOC_CHINA_STUDY	2026-08-06	2026-08-06	qtype::classification
hist-division-047	佛教为什么在汉朝之后的分裂时期影响扩大？	Why did Buddhism gain influence during the centuries of division after Han?	跨区域交流、翻译活动和社会动荡扩大了人们对佛教思想与组织的需求。	Long-distance contact, translation, and social upheaval widened interest in Buddhist ideas and institutions.	僧侣和译经者把来自印度和中亚的传统转化为中国宗教文化的重要组成部分。	Monks and translators adapted traditions from India and Central Asia into a major part of Chinese religious culture.	history	religious_history	period_of_division	china	intermediate	LOC_CHINA_STUDY	2026-08-06	2026-08-06	qtype::cause
hist-division-048	“南北朝”这个名称说明了什么政治格局？	What political pattern is described by the term “Northern and Southern Dynasties”?	中国南北由不同政权长期并立。	Northern and southern China were ruled for a long period by separate regimes.	这一时期有战争和迁徙，也出现民族融合、佛教发展与南方经济扩张。	The era saw warfare and migration but also cultural integration, Buddhist growth, and economic expansion in the south.	history	period_of_division	northern_southern_dynasties	china	foundation	LOC_CHINA_STUDY	2026-08-06	2026-08-06	qtype::identification
hist-sui-049	哪个王朝在长期分裂后重新统一中国？	Which dynasty reunified China after the long period of division?	隋朝。	The Sui dynasty.	隋朝虽然短暂，却恢复了统一行政，并为唐朝制度奠定基础。	Though brief, Sui restored unified administration and laid institutional foundations for Tang.	history	sui	sui	china	foundation	LOC_CHINA_STUDY	2026-08-06	2026-08-06	qtype::direct
hist-sui-050	隋代扩建大运河的主要战略目的是什么？	What was the main strategic purpose of Sui expansion of the Grand Canal?	把南方粮食和资源运往北方政治中心。	To move southern grain and resources to northern political centres.	运河加强南北经济联系，但工程和战争负担也加剧了隋末危机。	The canal strengthened north–south integration, while the burdens of construction and war also deepened the Sui crisis.	history	sui	sui	china	intermediate	LOC_CHINA_STUDY	2026-08-06	2026-08-06	qtype::cause
hist-tang-051	唐朝为什么常被视为中国帝制史的高峰之一？	Why is the Tang often regarded as a high point of imperial Chinese history?	因为它国力强、文化繁荣，并广泛参与欧亚交流。	Because of its strong state, flourishing culture, and wide participation in Eurasian exchange.	唐代在诗歌、城市生活、宗教和跨区域贸易方面都留下深远影响。	Tang left lasting legacies in poetry, urban life, religion, and long-distance trade.	history	tang	tang	china	foundation	LOC_CHINA_STUDY	2026-08-06	2026-08-06	qtype::significance
hist-tang-052	唐朝主要首都长安对应今天的哪座城市？	Which modern city occupies the area of the Tang capital Chang'an?	西安。	Xi'an.	长安是当时世界上规模最大、国际性最强的城市之一。	Chang'an was one of the largest and most cosmopolitan cities of its time.	history	tang	tang	shaanxi	foundation	LOC_CHINA_STUDY	2026-08-06	2026-08-06	qtype::location
hist-tang-053	唐代长安的国际性体现在哪里？	How was the cosmopolitan character of Tang Chang'an expressed?	来自中亚及更远地区的商人、使节、宗教和艺术汇聚于此。	Merchants, envoys, religions, and arts arrived from Central Asia and beyond.	陆路交通把帝国首都与欧亚多地连接，城市中存在多种语言和信仰群体。	Overland routes connected the capital to much of Eurasia, bringing communities with varied languages and faiths.	history	tang	tang	chang_an	intermediate	LOC_CHINA_STUDY	2026-08-06	2026-08-06	qtype::significance
hist-tang-054	科举制在隋唐时期的主要制度意义是什么？	What was the main institutional significance of the civil-service examinations in Sui and Tang?	它扩大了通过考试选拔官员的作用。	They expanded the role of examinations in selecting officials.	门第仍然重要，但考试逐渐为中央国家提供共同的经典教育标准。	Family status remained important, but examinations increasingly gave the central state a common classical educational standard.	history	institutions	sui_tang	china	intermediate	LOC_CHINA_STUDY	2026-08-06	2026-08-06	qtype::significance
hist-tang-055	佛教在唐代社会中扮演了什么角色？	What role did Buddhism play in Tang society?	它是重要的宗教、思想、艺术和慈善力量。	It was a major religious, intellectual, artistic, and charitable force.	寺院网络、翻译和朝圣把中国与印度及中亚佛教世界联系起来。	Monastic networks, translation, and pilgrimage linked China with Buddhist worlds in India and Central Asia.	history	religious_history	tang	china	intermediate	LOC_CHINA_STUDY	2026-08-06	2026-08-06	qtype::significance
hist-tang-056	安史之乱对唐朝造成了什么长期影响？	What long-term effect did the An Lushan Rebellion have on Tang?	它严重削弱中央财政、军力和对地方的控制。	It gravely weakened central finances, military power, and control over the provinces.	唐朝在平乱后仍延续很久，但地方军镇和宫廷力量更难控制。	Tang survived for a long time afterward, but regional military governors and court factions became harder to control.	history	tang	tang	china	intermediate	LOC_CHINA_STUDY	2026-08-06	2026-08-06	qtype::cause
hist-division-057	唐朝灭亡后、宋朝建立前的分裂期通常叫什么？	What is the divided era between Tang's fall and Song's founding usually called?	五代十国时期。	The Five Dynasties and Ten Kingdoms period.	北方王朝更替频繁，南方则有多个区域政权并存。	Dynasties changed rapidly in the north while several regional kingdoms coexisted in the south.	history	period_of_division	five_dynasties_ten_kingdoms	china	foundation	LOC_CHINA_STUDY	2026-08-06	2026-08-06	qtype::chronology
hist-song-058	宋朝在政治上如何限制武将势力？	How did the Song state seek to limit the power of military commanders?	加强文官政府并把军权置于中央控制下。	It strengthened civil government and placed military authority under central control.	这种政策减少了军阀割据风险，但也形成复杂的军事指挥问题。	The policy reduced the risk of warlord separatism but created complicated military command problems.	history	song	song	china	intermediate	LOC_CHINA_STUDY	2026-08-06	2026-08-06	qtype::comparison
hist-song-059	宋代经济为什么常被视为高度商业化？	Why is the Song economy often described as highly commercialized?	城市、市场、货币、长途贸易和专业生产显著发展。	Cities, markets, money use, long-distance trade, and specialized production expanded markedly.	人口和经济重心继续向南移动，江南成为重要的农业和商业核心。	The demographic and economic centre continued shifting southward, making Jiangnan a major agricultural and commercial core.	history	song	song	china	intermediate	MET_CHINA_MEDIEVAL;LOC_CHINA_STUDY	2026-08-06	2026-08-06	qtype::significance
hist-song-060	印刷术在宋代知识传播中有什么作用？	What role did printing play in the spread of knowledge during Song?	它降低书籍复制成本并扩大经典、考试书和实用文本的流通。	It reduced the cost of reproducing books and widened circulation of classics, examination texts, and practical works.	雕版印刷已经成熟，活字印刷也在宋代出现。	Woodblock printing was mature, and movable type also appeared during Song.	history	technology_history	song	china	foundation	MET_CHINA_MEDIEVAL	2026-08-06	2026-08-06	qtype::significance
hist-song-061	宋代“新儒学”主要试图做什么？	What did Song Neo-Confucianism chiefly seek to do?	重新解释儒家经典，并建立系统的道德和宇宙论。	To reinterpret Confucian classics and build a systematic moral and cosmological philosophy.	朱熹的解释后来深刻影响教育、科举和东亚思想。	Zhu Xi's interpretations later strongly influenced education, examinations, and thought across East Asia.	history	intellectual_history	song	china	intermediate	SEP_CONFUCIUS;MET_CHINA_MEDIEVAL	2026-08-06	2026-08-06	qtype::significance
hist-song-062	北宋与南宋的分界是什么？	What marks the division between Northern and Southern Song?	金军攻占北宋首都后，宋廷南迁。	After Jin forces captured the Northern Song capital, the Song court moved south.	南宋以杭州为中心，统治中国南部，同时与金长期对峙。	Southern Song ruled from Hangzhou over southern China while confronting Jin in the north.	history	song	southern_song	china	foundation	MET_CHINA_MEDIEVAL	2026-08-06	2026-08-06	qtype::chronology
hist-yuan-063	哪个王朝由蒙古统治者建立并统一中国？	Which dynasty was founded by Mongol rulers and unified China?	元朝。	The Yuan dynasty.	忽必烈采用“元”为国号，并以大都为统治中心。	Khubilai Khan adopted Yuan as the dynastic name and ruled from Dadu.	history	yuan	yuan	china	foundation	MET_CHINA_MEDIEVAL	2026-08-06	2026-08-06	qtype::direct
hist-yuan-064	元代大都对应今天的哪座城市？	Which modern city occupies the site of Yuan Dadu?	北京。	Beijing.	元代把北京地区建设为统一帝国的首都，影响后来的明清都城格局。	Yuan developed the Beijing area as the capital of a unified empire, shaping the later Ming and Qing capital.	history	yuan	yuan	beijing	foundation	MET_CHINA_MEDIEVAL	2026-08-06	2026-08-06	qtype::location
hist-ming-065	明朝是如何取代元朝的？	How did the Ming replace the Yuan?	朱元璋领导的起义力量击败元朝，1368年建立明朝。	Rebel forces led by Zhu Yuanzhang defeated Yuan, and he founded Ming in 1368.	朱元璋即洪武帝，从南京建立新的中央政权。	Zhu Yuanzhang, the Hongwu Emperor, established the new central state from Nanjing.	history	ming	ming	china	foundation	MET_CHINA_MEDIEVAL	2026-08-06	2026-08-06	qtype::chronology
hist-ming-066	郑和下西洋的主要历史意义是什么？	What is the main historical significance of Zheng He's voyages?	它们展示了明朝早期的大型远洋航海和外交能力。	They demonstrated early Ming capacity for large-scale oceanic navigation and diplomacy.	船队到达东南亚、南亚、阿拉伯海和东非沿岸，与各地政权交换使节和礼物。	The fleets reached Southeast Asia, South Asia, the Arabian Sea, and East Africa, exchanging envoys and gifts with local rulers.	history	ming	ming	indian_ocean	intermediate	LOC_CHINA_STUDY	2026-08-06	2026-08-06	qtype::significance
hist-ming-067	明成祖为什么把首都迁到北京？	Why did the Yongle Emperor move the Ming capital to Beijing?	为了靠近其政治军事基础并加强北方边防。	To be near his political-military base and strengthen the northern frontier.	北京的宫城后来成为紫禁城，是明清中央政治的象征。	The palace complex became the Forbidden City, a symbol of central government under Ming and Qing.	history	ming	ming	beijing	intermediate	LOC_CHINA_STUDY	2026-08-06	2026-08-06	qtype::cause
hist-ming-068	今天保存的大量长城墙体主要形成于哪个朝代？	During which dynasty were many of the surviving Great Wall structures built?	明朝。	The Ming dynasty.	明代使用砖石加强北方防线，并设置关隘、烽火台和驻军体系。	Ming strengthened northern defences with brick and stone walls, passes, beacon towers, and garrisons.	history	ming	ming	northern_china	foundation	LOC_CHINA_STUDY	2026-08-06	2026-08-06	qtype::direct
hist-ming-069	白银为何在明代经济中越来越重要？	Why did silver become increasingly important in the Ming economy?	税收和大额交易越来越以白银计算和支付。	Taxes and large transactions were increasingly assessed and paid in silver.	中国商品出口与全球白银流动相连，使明代经济深度参与早期全球贸易。	Chinese exports and global silver flows linked the Ming economy closely to early global trade.	history	economic_history	ming	china	intermediate	LOC_CHINA_STUDY	2026-08-06	2026-08-06	qtype::significance
hist-qing-070	清朝由哪个民族政治集团建立？	Which ethnopolitical group founded the Qing dynasty?	满洲人。	The Manchus.	满洲统治者先在东北建立后金，后改国号为清，并于1644年进入北京。	Manchu rulers first established Later Jin in the northeast, renamed it Qing, and entered Beijing in 1644.	history	qing	qing	northeast_china	foundation	LOC_CHINA_STUDY	2026-08-06	2026-08-06	qtype::direct
hist-qing-071	清朝为什么常被描述为多民族帝国？	Why is the Qing often described as a multiethnic empire?	它统治汉地、满洲、蒙古、新疆、西藏等具有不同政治文化传统的区域。	It ruled regions with distinct political and cultural traditions, including China proper, Manchuria, Mongolia, Xinjiang, and Tibet.	清廷在不同地区使用不完全相同的制度、语言和联盟方式。	The Qing court used differing institutions, languages, and alliance systems across these regions.	history	qing	qing	china	advanced	LOC_CHINA_STUDY	2026-08-06	2026-08-06	qtype::significance
hist-qing-072	康熙、雍正、乾隆三朝常被合称为什么时期？	What period is commonly associated with the reigns of Kangxi, Yongzheng, and Qianlong?	清朝的“康雍乾盛世”或高峰时期。	The High Qing era, often called the Kangxi–Yongzheng–Qianlong flourishing age.	这一时期国家版图、人口、财政和文化工程都有显著发展，但后期压力也逐渐积累。	The era saw major growth in territory, population, revenue, and cultural projects, while pressures accumulated in its later decades.	history	qing	high_qing	china	intermediate	LOC_CHINA_STUDY	2026-08-06	2026-08-06	qtype::chronology
hist-qing-073	科举制度在明清国家中的核心功能是什么？	What was the core function of the examination system in Ming and Qing government?	按照经典知识和文章能力选拔文官。	To select civil officials through classical learning and essay performance.	考试不能消除家庭和财富优势，但为全国官僚提供共同的教育文化。	The exams did not erase advantages of family and wealth, but they provided a shared educational culture for the bureaucracy.	history	institutions	ming_qing	china	intermediate	LOC_CHINA_STUDY	2026-08-06	2026-08-06	qtype::significance
hist-qing-074	清代人口大幅增长带来了什么双重影响？	What two-sided effect did major population growth have under Qing?	它扩大生产和市场，也增加土地与资源压力。	It expanded production and markets while increasing pressure on land and resources.	新作物、垦殖和商业支持更多人口，但人均土地减少使部分地区更脆弱。	New crops, cultivation, and commerce supported more people, while declining land per person made some regions more vulnerable.	history	economic_history	qing	china	intermediate	LOC_CHINA_STUDY	2026-08-06	2026-08-06	qtype::cause
hist-qing-075	十九世纪初清朝面临哪些相互关联的压力？	Which connected pressures confronted Qing in the early nineteenth century?	人口资源紧张、财政与治理问题、内部反抗和外国扩张。	Population-resource strain, fiscal and governance problems, internal rebellion, and foreign expansion.	这些压力并非单一原因，而是共同削弱了王朝应对危机的能力。	No single factor explains the crisis; together they weakened the dynasty's ability to respond.	history	qing	late_qing	china	intermediate	LOC_CHINA_STUDY	2026-08-06	2026-08-06	qtype::classification
hist-modern-076	第一次鸦片战争的主要结果之一是什么？	What was one major result of the First Opium War?	清朝战败并签订《南京条约》，开放通商口岸并割让香港岛。	Qing defeat led to the Treaty of Nanjing, treaty ports, and the cession of Hong Kong Island.	战争显示清朝军事和外交体系面对英国工业与海军力量时的弱势。	The war exposed Qing military and diplomatic weakness in confronting British industrial and naval power.	history	foreign_relations	late_qing	coastal_china	foundation	MET_CHINA_MODERN;STATE_1911	2026-08-06	2026-08-06	qtype::significance
hist-modern-077	“条约口岸”在晚清历史中指什么？	What were “treaty ports” in late Qing history?	依据对外条约开放外国贸易和居留的中国港口城市。	Chinese port cities opened to foreign trade and residence under treaties.	口岸促进商业和新思想流动，也形成外国特权和主权受限的问题。	The ports encouraged commerce and new ideas while also creating foreign privileges and restrictions on Chinese sovereignty.	history	foreign_relations	late_qing	coastal_china	intermediate	MET_CHINA_MODERN;STATE_1911	2026-08-06	2026-08-06	qtype::identification
hist-modern-078	太平天国运动为什么是十九世纪中国的重大危机？	Why was the Taiping movement a major nineteenth-century crisis in China?	它引发了持续多年的大规模内战并重创长江中下游。	It caused a prolonged, massive civil war and devastated the middle and lower Yangtze region.	运动带有独特宗教和社会改革主张，最终由清军及地方武装镇压。	The movement combined distinctive religious and social reform claims and was eventually defeated by Qing and regional forces.	history	rebellions	late_qing	yangtze_basin	intermediate	MET_CHINA_MODERN;LOC_CHINA_STUDY	2026-08-06	2026-08-06	qtype::significance
hist-modern-079	洋务运动的基本目标是什么？	What was the basic aim of the Self-Strengthening Movement?	学习外国军事和工业技术以加强清朝国家实力。	To strengthen the Qing state by adopting foreign military and industrial technology.	官员建立兵工厂、船厂、学校和新企业，但政治和制度改革有限且不一致。	Officials founded arsenals, shipyards, schools, and new enterprises, but political and institutional reform remained limited and uneven.	history	reform_movements	late_qing	china	intermediate	LOC_CHINA_STUDY	2026-08-06	2026-08-06	qtype::significance
hist-modern-080	甲午战争的失败对清朝有什么重要影响？	What major effect did defeat in the First Sino-Japanese War have on Qing China?	它暴露改革不足并加速更激进的政治和制度改革要求。	It exposed the limits of reform and accelerated demands for more radical political and institutional change.	1895年的战败改变东亚力量格局，也加深中国的民族危机感。	The 1895 defeat shifted the East Asian balance of power and deepened China's sense of national crisis.	history	foreign_relations	late_qing	east_asia	intermediate	STATE_1911;LOC_CHINA_STUDY	2026-08-06	2026-08-06	qtype::cause
hist-modern-081	义和团运动及其后果怎样进一步削弱清朝？	How did the Boxer movement and its aftermath further weaken Qing?	排外冲突引来多国军事干预和沉重赔款。	Anti-foreign violence brought multinational military intervention and heavy indemnities.	1900年前后的危机进一步损害清廷威信，并推动晚清新政。	The crisis around 1900 further damaged Qing legitimacy and helped prompt the Late Qing New Policies.	history	rebellions	late_qing	north_china	intermediate	LOC_CHINA_STUDY	2026-08-06	2026-08-06	qtype::cause
hist-modern-082	1911年辛亥革命最主要的政治结果是什么？	What was the main political result of the 1911 Revolution?	清朝灭亡，中华民国建立，帝制结束。	The Qing fell, the Republic of China was founded, and imperial rule ended.	革命从武昌起义扩大，但新共和国很快面临权力分散和军政竞争。	The revolution spread from the Wuchang uprising, but the new republic soon faced fragmented power and military rivalry.	history	revolution	republican_era	china	foundation	STATE_1911	2026-08-06	2026-08-06	qtype::significance
hist-modern-083	“军阀时期”为什么出现在民国初年？	Why did the warlord era emerge in the early Republic?	中央权力薄弱，各地军事首领控制军队和财政。	Central authority was weak, and regional military leaders controlled armies and finances.	帝制结束并未立即建立稳定统一的共和国家。	The end of empire did not immediately create a stable, unified republican state.	history	republican_era	warlord_era	china	intermediate	STATE_1911;LOC_CHINA_STUDY	2026-08-06	2026-08-06	qtype::cause
hist-modern-084	五四运动通常与哪些核心诉求有关？	Which core concerns are associated with the May Fourth Movement?	反对帝国主义安排、民族救亡以及文化和政治改革。	Opposition to imperialist settlements, national renewal, and cultural and political reform.	1919年的学生抗议扩大为思想文化运动，推动白话文、新文化和多种政治思想传播。	Student protests in 1919 broadened into an intellectual movement promoting vernacular writing, New Culture, and diverse political ideas.	history	intellectual_history	republican_era	china	intermediate	MET_CHINA_MODERN;LOC_CHINA_STUDY	2026-08-06	2026-08-06	qtype::significance
hist-modern-085	国民党北伐的主要目标是什么？	What was the main objective of the Nationalist Northern Expedition?	击败主要军阀并在国民政府下重新统一中国。	To defeat major warlords and reunify China under the Nationalist government.	北伐取得重要军事成果，但国家统一仍不完整，国共关系也迅速破裂。	The expedition achieved major military gains, but unity remained incomplete and Nationalist–Communist relations soon broke down.	history	republican_era	nationalist_era	china	intermediate	LOC_CHINA_STUDY	2026-08-06	2026-08-06	qtype::significance
hist-modern-086	中国抗日战争在中国现代史中的核心意义是什么？	What is the central significance of the War of Resistance against Japan in modern Chinese history?	它是抵抗日本全面侵华的长期战争，造成巨大伤亡并重塑国内政治。	It was the prolonged war against Japan's full-scale invasion, causing immense losses and reshaping domestic politics.	1937年后国民政府与共产党在共同抗敌的同时仍保持深刻竞争。	After 1937, the Nationalist government and Communist forces resisted Japan while remaining profound political rivals.	history	war_of_resistance	republican_era	china	foundation	LOC_CHINA_STUDY	2026-08-06	2026-08-06	qtype::significance
hist-modern-087	中华人民共和国何时成立？	When was the People's Republic of China founded?	1949年10月1日。	1949-10-01.	共产党在内战中取得大陆胜利后，于北京宣布成立新国家；中华民国政府迁往台湾。	After Communist victory on the mainland in the civil war, the new state was proclaimed in Beijing; the Republic of China government moved to Taiwan.	history	prc_foundation	prc	china	foundation	LOC_CHINA_STUDY	2026-08-06	2026-08-06	qtype::chronology
hist-modern-088	“大跃进”主要试图实现什么，又造成了什么后果？	What did the Great Leap Forward seek to achieve, and what followed?	它试图通过人民公社和群众动员迅速提高工农业生产，却导致严重经济混乱和大饥荒。	It sought rapid industrial and agricultural growth through communes and mass mobilization but led to severe disruption and famine.	政策目标、虚报产量、强制征购和自然条件等因素共同造成灾难性后果。	Policy design, inflated reporting, compulsory procurement, and environmental conditions combined in catastrophic results.	history	prc_history	prc	china	intermediate	LOC_CHINA_STUDY;MET_CHINA_MODERN	2026-08-06	2026-08-06	qtype::cause
hist-modern-089	“文化大革命”对中国社会造成了什么广泛影响？	What broad effects did the Cultural Revolution have on Chinese society?	它造成政治迫害、教育中断、机构失序和文化破坏。	It caused political persecution, disrupted education, disordered institutions, and damaged cultural heritage.	这场运动从1966年持续到1976年，其经历和责任评价在中国当代史中极为重要。	The movement lasted from 1966 to 1976, and understanding its experience and responsibility is central to contemporary Chinese history.	history	prc_history	prc	china	intermediate	LOC_CHINA_STUDY;MET_CHINA_MODERN	2026-08-06	2026-08-06	qtype::significance
hist-modern-090	“改革开放”通常指什么历史转向？	What historical shift does “Reform and Opening Up” refer to?	从1978年前后开始的经济改革、对外开放和政策试验。	The economic reforms, external opening, and policy experimentation beginning around 1978.	改革先在农业和部分地方试点，随后扩大到企业、价格、外贸、投资和城市发展。	Reform began with agriculture and local experiments, then broadened to enterprises, prices, trade, investment, and urban development.	history	reform_opening	reform_era	china	foundation	WB_CHINA_OVERVIEW;IMF_REFORM	2026-08-06	2026-08-06	qtype::significance
gov-party-001	中国共产党在中国政治体制中的基本地位是什么？	What is the basic position of the Communist Party of China in China's political system?	它是执政党，并在国家政治方向和主要机构中发挥领导作用。	It is the ruling party and exercises leadership over the state's political direction and major institutions.	理解中国公共生活需要同时区分党的机构与国家机构，也要理解两者紧密联系。	Understanding Chinese public life requires distinguishing Party from state institutions while recognizing their close connection.	government	party_institutions	contemporary	china	foundation	NPC_CONSTITUTION	2026-08-06	2026-08-06	qtype::direct
gov-party-002	“党国体制”这个概念通常强调什么？	What does the term “party-state” usually emphasize?	共产党领导体系与国家机构体系相互连接。	That Communist Party leadership structures and state institutions are interconnected.	党和国家有不同的组织名称、职能和程序，但关键政策与干部体系存在制度性联系。	Party and state have distinct organizations, functions, and procedures, but key policy and personnel systems are institutionally linked.	government	party_state	contemporary	china	intermediate	NPC_CONSTITUTION;NPC_STATE_STRUCTURE	2026-08-06	2026-08-06	qtype::identification
gov-party-003	中国共产党全国代表大会的主要作用是什么？	What is the main role of the National Congress of the Communist Party of China?	确定党的重要路线并选举中央委员会。	To set major Party directions and elect the Central Committee.	党代会是党的最高层级定期会议，不应与全国人民代表大会混淆。	It is the Party's highest-level periodic congress and should not be confused with the National People's Congress.	government	party_institutions	contemporary	china	intermediate	NPC_CONSTITUTION	2026-08-06	2026-08-06	qtype::comparison
gov-party-004	中国共产党中央委员会在党内组织中处于什么位置？	Where does the CPC Central Committee sit in the Party's organization?	它是全国代表大会闭会期间的重要中央领导机构。	It is a principal central leading body between sessions of the Party congress.	中央委员会选举政治局等机构，并把党代会决定转化为持续的领导工作。	It elects bodies including the Politburo and carries congress decisions into continuing leadership work.	government	party_institutions	contemporary	china	intermediate	NPC_CONSTITUTION	2026-08-06	2026-08-06	qtype::function
gov-party-005	中共中央政治局的基本职能是什么？	What is the basic function of the CPC Politburo?	讨论和决定党的重大政策与领导事务。	To deliberate and decide major Party policy and leadership matters.	政治局及其常务委员会是理解高层政策协调的重要机构。	The Politburo and its Standing Committee are important for understanding top-level policy coordination.	government	party_institutions	contemporary	china	intermediate	NPC_CONSTITUTION	2026-08-06	2026-08-06	qtype::function
gov-party-006	中共中央总书记是怎样一种职务？	What kind of office is the General Secretary of the CPC Central Committee?	中国共产党的最高领导职务。	The top leadership office of the Communist Party of China.	这是党的职务，与国家主席这一国家职务在制度上不同，尽管同一人可能兼任。	It is a Party office, institutionally distinct from the state office of president even when held by the same person.	government	party_institutions	contemporary	china	foundation	NPC_CONSTITUTION	2026-08-06	2026-08-06	qtype::comparison
gov-npc-007	全国人民代表大会是什么？	What is the National People's Congress?	中国宪法规定的最高国家权力机关。	The highest organ of state power under China's Constitution.	全国人大审议法律、国家预算、发展计划和重要国家人事事项。	The NPC considers legislation, the state budget, development plans, and major state appointments.	government	state_institutions	contemporary	china	foundation	NPC_STATE_STRUCTURE;NPC_CONSTITUTION	2026-08-06	2026-08-06	qtype::direct
gov-npc-008	全国人大常委会的主要作用是什么？	What is the main role of the NPC Standing Committee?	在全国人大闭会期间行使经常性的立法和监督职权。	To exercise continuing legislative and oversight powers when the full NPC is not in session.	常委会解释法律、制定和修改许多法律，并监督国务院等国家机关。	It interprets laws, enacts and amends many laws, and oversees state bodies including the State Council.	government	state_institutions	contemporary	china	foundation	NPC_CONSTITUTION	2026-08-06	2026-08-06	qtype::function
gov-npc-009	修改中国宪法需要哪个机关通过？	Which body must approve amendments to China's Constitution?	全国人民代表大会。	The National People's Congress.	宪法规定修正案须由全国人大常委会或五分之一以上代表提出，并由全体代表三分之二以上通过。	The Constitution requires proposal by the Standing Committee or at least one-fifth of deputies and approval by at least two-thirds of all NPC deputies.	government	state_institutions	contemporary	china	intermediate	NPC_CONSTITUTION	2026-08-06	2026-08-06	qtype::direct
gov-npc-010	全国人大代表主要来自哪些选举单位？	From which electoral units do NPC deputies chiefly come?	省、自治区、直辖市、特别行政区和军队等选举单位。	Provinces, autonomous regions, municipalities, special administrative regions, the armed forces, and other electoral units.	全国人大代表不是由全国选民直接统一投票产生，而是通过法定的多层选举体系产生。	NPC deputies are not chosen in a single direct nationwide popular vote but through the legally defined multi-level electoral system.	government	state_institutions	contemporary	china	intermediate	NPC_STATE_STRUCTURE;NPC_CONSTITUTION	2026-08-06	2026-08-06	qtype::classification
gov-council-011	国务院是什么？	What is the State Council?	中国最高国家行政机关，也称中央人民政府。	China's highest state administrative organ, also called the Central People's Government.	国务院负责全国行政工作，制定行政法规并领导各部委和地方行政机关。	It directs national administration, issues administrative regulations, and leads ministries and local administrative organs.	government	state_institutions	contemporary	china	foundation	NPC_CONSTITUTION;NPC_STATE_STRUCTURE	2026-08-06	2026-08-06	qtype::direct
gov-council-012	国务院总理的基本职责是什么？	What is the basic responsibility of the premier of the State Council?	领导国务院工作。	To direct the work of the State Council.	总理主持国务院常务会议和全体会议，协调国家行政部门。	The premier presides over State Council executive and plenary meetings and coordinates state administration.	government	state_institutions	contemporary	china	foundation	NPC_CONSTITUTION	2026-08-06	2026-08-06	qtype::function
gov-president-013	中国国家主席这一职务的宪法职能包括什么？	What constitutional functions belong to the office of China's president?	根据全国人大及其常委会的决定公布法律、任免国家人员并处理国事活动。	To promulgate laws, appoint or remove state officials, and conduct state affairs pursuant to NPC or Standing Committee decisions.	国家主席是国家职务，具体职权由宪法规定，不应简单等同于所有行政权力。	The presidency is a state office with constitutionally defined powers and should not be treated as identical to all executive authority.	government	state_institutions	contemporary	china	intermediate	NPC_CONSTITUTION	2026-08-06	2026-08-06	qtype::function
gov-cmc-014	中央军事委员会的国家职能是什么？	What is the state function of the Central Military Commission?	领导全国武装力量。	To lead the country's armed forces.	宪法规定中央军委实行主席负责制。	The Constitution provides for a chairperson responsibility system in the CMC.	government	state_institutions	contemporary	china	foundation	NPC_CONSTITUTION;NPC_STATE_STRUCTURE	2026-08-06	2026-08-06	qtype::function
gov-supervision-015	国家监察委员会主要监督哪类问题？	What kind of matters does the National Commission of Supervision chiefly oversee?	公职人员依法履职、廉洁用权和职务违法犯罪问题。	The lawful and honest performance of public officials and duty-related violations or crimes.	监察委员会属于国家监察体系，与党的纪律检查体系在反腐工作中有密切联系。	The commission belongs to the state supervision system and works closely with the Party discipline-inspection system in anti-corruption work.	government	state_institutions	contemporary	china	intermediate	NPC_CONSTITUTION	2026-08-06	2026-08-06	qtype::function
gov-courts-016	人民法院在中国国家机构中承担什么职能？	What function do people's courts perform in China's state structure?	依法行使审判权。	They exercise adjudicatory power according to law.	最高人民法院是最高审判机关，地方设有不同层级的人民法院。	The Supreme People's Court is the highest adjudicatory organ, with people's courts at different local levels.	government	legal_institutions	contemporary	china	foundation	NPC_CONSTITUTION;NPC_STATE_STRUCTURE	2026-08-06	2026-08-06	qtype::function
gov-procuratorate-017	人民检察院的基本职能是什么？	What is the basic function of people's procuratorates?	依法行使检察权，包括公诉和法律监督等职能。	They exercise procuratorial power, including public prosecution and legal supervision.	最高人民检察院是最高检察机关。	The Supreme People's Procuratorate is the highest procuratorial organ.	government	legal_institutions	contemporary	china	intermediate	NPC_CONSTITUTION;NPC_STATE_STRUCTURE	2026-08-06	2026-08-06	qtype::function
gov-cppcc-018	中国人民政治协商会议的主要作用是什么？	What is the principal role of the Chinese People's Political Consultative Conference?	政治协商、民主监督和参政议政。	Political consultation, democratic supervision, and participation in deliberating state affairs.	政协不是国家立法机关，而是统一战线和协商政治的重要平台。	The CPPCC is not a legislature; it is an important platform for the united front and consultative politics.	government	consultative_institutions	contemporary	china	intermediate	NPC_STATE_STRUCTURE	2026-08-06	2026-08-06	qtype::comparison
gov-principle-019	中国宪法中的“民主集中制”原则大意是什么？	What broadly does the constitutional principle of “democratic centralism” mean?	国家机关通过代表和讨论形成决定，同时实行统一领导和执行。	State organs form decisions through representation and deliberation while maintaining unified leadership and implementation.	这一原则用于解释人民代表大会与行政、监察、审判、检察机关之间的组织关系。	The principle helps explain the organizational relationship between people's congresses and administrative, supervisory, judicial, and procuratorial bodies.	government	constitutional_principles	contemporary	china	advanced	NPC_CONSTITUTION	2026-08-06	2026-08-06	qtype::significance
gov-plan-020	一个“五年规划”覆盖多长时间？	How long does a Five-Year Plan cover?	五年。	Five years.	五年规划设定国家经济社会发展的中期目标和政策重点，但并不等于逐项固定所有经济活动。	A Five-Year Plan sets medium-term development goals and policy priorities but does not mechanically fix every economic activity.	government	planning	contemporary	china	foundation	NPC_CONSTITUTION;NBS_YEARBOOK_2025	2026-08-06	2026-08-06	qtype::direct
gov-levels-021	中国地方行政通常按哪些主要层级理解？	Which main levels are commonly used to understand local administration in China?	省级、地级、县级和乡级。	Provincial, prefectural, county, and township levels.	具体地区可能有不同名称和结构，但这四级框架有助于阅读地方政府新闻。	Names and arrangements vary, but this four-level framework is useful for reading about local government.	government	local_government	contemporary	china	foundation	GOV_LOCAL_GOVERNMENT;GOV_ADMIN	2026-08-06	2026-08-06	qtype::classification
gov-province-022	省级政府在地方治理中处于什么位置？	Where does a provincial government sit in local governance?	它是中央政府之下最高层级的地方行政机关。	It is the highest level of local administration below the central government.	省、自治区和直辖市都属于省级层次，但制度名称和具体特点不同。	Provinces, autonomous regions, and municipalities all occupy the provincial level, though their names and specific arrangements differ.	government	local_government	contemporary	china	foundation	GOV_LOCAL_GOVERNMENT;GOV_ADMIN	2026-08-06	2026-08-06	qtype::function
gov-prefecture-023	“地级市”在行政层级上通常位于哪里？	Where does a prefecture-level city usually sit in the administrative hierarchy?	省级之下、县级之上。	Below the provincial level and above the county level.	地级市通常管辖市辖区以及若干县或县级市，其行政范围常大于连续城市建成区。	It usually administers urban districts plus counties or county-level cities, so its territory often exceeds the continuous built-up city.	government	local_government	contemporary	china	intermediate	GOV_ADMIN	2026-08-06	2026-08-06	qtype::classification
gov-county-024	县级行政区为什么是理解基层治理的重要层次？	Why is the county level important for understanding grassroots governance?	许多公共服务、财政执行和城乡管理在县级组织。	Many public services, budget implementation, and urban-rural administration are organized at county level.	县、县级市和市辖区都可属于县级层次。	Counties, county-level cities, and urban districts may all occupy the county level.	government	local_government	contemporary	china	intermediate	GOV_LOCAL_GOVERNMENT	2026-08-06	2026-08-06	qtype::significance
gov-township-025	乡镇政府属于中国行政体系的哪个层级？	At which level do township and town governments sit?	乡级，是正式地方行政的基层层级。	The township level, the grassroots tier of formal local administration.	乡、民族乡和镇管理本区域行政事务并执行上级决定。	Townships, ethnic townships, and towns administer local affairs and implement higher-level decisions.	government	local_government	contemporary	china	foundation	GOV_LOCAL_GOVERNMENT;GOV_ADMIN	2026-08-06	2026-08-06	qtype::classification
gov-municipality-026	直辖市与普通城市最关键的行政区别是什么？	What is the key administrative difference between a municipality and an ordinary city?	直辖市与省同级，直接受中央政府管辖。	A municipality ranks with a province and is directly under the central government.	普通地级市通常隶属于一个省或自治区。	An ordinary prefecture-level city generally belongs to a province or autonomous region.	government	administrative_types	contemporary	china	foundation	GOV_ADMIN	2026-08-06	2026-08-06	qtype::comparison
gov-autonomy-027	民族自治地方的自治机关包括哪些基本机构？	Which basic institutions serve as autonomous organs in ethnic autonomous areas?	本级人民代表大会和人民政府。	The local people's congress and people's government.	宪法和民族区域自治法律规定自治机关在统一国家制度内行使相关自治权。	The Constitution and regional ethnic autonomy law provide for relevant autonomous powers within the unified state system.	government	administrative_types	contemporary	china	intermediate	NPC_CONSTITUTION	2026-08-06	2026-08-06	qtype::classification
gov-sar-028	特别行政区制度由哪个国家机关决定设立？	Which state body decides to establish a special administrative region and its system?	全国人民代表大会。	The National People's Congress.	宪法授权全国人大决定特别行政区的设立及其制度安排。	The Constitution authorizes the NPC to decide on establishing special administrative regions and their systems.	government	administrative_types	contemporary	china	intermediate	NPC_CONSTITUTION	2026-08-06	2026-08-06	qtype::function
gov-village-029	村民委员会是一级政府吗？	Is a villagers' committee a level of government?	不是；它是基层群众性自治组织。	No; it is a grassroots mass self-governance organization.	村委会处理村级公共事务，但乡镇政府才是正式行政层级的基层政府。	It handles village public affairs, while the township government is the lowest formal administrative government tier.	government	grassroots_governance	contemporary	rural_china	foundation	GOV_LOCAL_GOVERNMENT	2026-08-06	2026-08-06	qtype::comparison
gov-neighborhood-030	居民委员会在城市社区中的基本性质是什么？	What is the basic nature of a residents' committee in an urban community?	基层群众性自治组织。	A grassroots mass self-governance organization.	居委会协助社区服务、调解和政策落实，但不是独立一级政府。	It assists with community services, mediation, and policy implementation but is not an independent level of government.	government	grassroots_governance	contemporary	urban_china	foundation	GOV_LOCAL_GOVERNMENT	2026-08-06	2026-08-06	qtype::function
gov-soe-031	什么是国有企业？	What is a state-owned enterprise?	由国家拥有或控制资本的重要企业。	An enterprise whose capital is owned or controlled by the state.	国企是经济组织而非政府部门，但在能源、交通、金融等战略行业常承担重要政策和商业职能。	An SOE is a business rather than a government department, but in strategic sectors it often combines major commercial and policy roles.	government	state_sector	contemporary	china	foundation	NBS_YEARBOOK_2025	2026-08-06	2026-08-06	qtype::identification
gov-central-local-032	中国中央与地方关系的一个基本特点是什么？	What is one basic feature of central–local relations in China?	在中央统一领导下，地方政府承担大量政策执行和发展管理任务。	Local governments carry out extensive policy implementation and development management under unified central leadership.	地方有执行和试验空间，但人事、法律和政策体系保持纵向联系。	Localities have room for implementation and experimentation, while personnel, legal, and policy systems remain vertically connected.	government	central_local_relations	contemporary	china	intermediate	NPC_CONSTITUTION;GOV_LOCAL_GOVERNMENT	2026-08-06	2026-08-06	qtype::significance
gov-local-congress-033	地方人民代表大会的基本职能是什么？	What is the basic function of a local people's congress?	在本行政区域内行使地方国家权力。	To exercise local state power within its administrative area.	地方人大审议本地发展计划和预算，并选举或决定地方国家机关人员。	Local congresses consider development plans and budgets and elect or decide personnel of local state organs.	government	local_government	contemporary	china	intermediate	NPC_CONSTITUTION	2026-08-06	2026-08-06	qtype::function
gov-local-executive-034	地方人民政府与同级人民代表大会是什么关系？	What is the relationship between a local people's government and the people's congress at the same level?	地方政府是同级国家权力机关的执行机关，并向其负责报告工作。	The local government is the executive organ of the local state-power body and reports to it.	地方政府同时受上一级国家行政机关领导。	A local government is also led by the state administrative organ at the next higher level.	government	local_government	contemporary	china	intermediate	GOV_LOCAL_GOVERNMENT;NPC_CONSTITUTION	2026-08-06	2026-08-06	qtype::relationship
gov-law-035	全国性法律与国务院行政法规有什么层级区别？	What is the hierarchical difference between national laws and State Council administrative regulations?	法律由全国人大或其常委会制定，行政法规由国务院依据宪法和法律制定。	Laws are enacted by the NPC or its Standing Committee; administrative regulations are issued by the State Council under the Constitution and laws.	行政法规不得与宪法和法律相抵触。	Administrative regulations may not conflict with the Constitution or national laws.	government	legal_system	contemporary	china	intermediate	NPC_CONSTITUTION	2026-08-06	2026-08-06	qtype::comparison
econ-system-001	中国经济常被官方概括为什么体制？	How is China's economic system commonly described officially?	社会主义市场经济。	A socialist market economy.	市场在许多资源配置中发挥重要作用，同时国家通过规划、监管、国企和产业政策保持强大影响。	Markets play a major role in many allocations, while the state retains strong influence through planning, regulation, SOEs, and industrial policy.	economy	economic_system	reform_era	china	foundation	WB_CHINA_OVERVIEW;IMF_REFORM	2026-08-06	2026-08-06	qtype::identification
econ-reform-002	1978年前后开始的农村改革首先改变了什么？	What did the rural reforms beginning around 1978 first change?	把集体农业生产责任逐步转到农户。	They gradually shifted agricultural production responsibility from collectives to households.	家庭联产承包责任制提高农户的生产自主性，同时土地所有制并未简单变为完全私有。	The household responsibility system increased farm autonomy without simply converting land to full private ownership.	economy	reform_opening	reform_era	rural_china	foundation	IMF_REFORM	2026-08-06	2026-08-06	qtype::significance
econ-reform-003	改革开放中的“双轨制”大意是什么？	What broadly was the dual-track approach during Reform and Opening Up?	在保留部分计划安排的同时，允许市场化交易在边际上发展。	It retained parts of planned allocation while allowing market transactions to grow at the margin.	这种渐进办法减少一次性制度冲击，但也产生价格差、套利和监管问题。	This gradual approach reduced one-time disruption but also created price gaps, arbitrage, and regulatory problems.	economy	reform_opening	reform_era	china	advanced	IMF_REFORM	2026-08-06	2026-08-06	qtype::comparison
econ-reform-004	什么是乡镇企业？	What were township and village enterprises?	改革初期在农村乡镇和村庄发展起来的非中央国有企业。	Non-central state or collective enterprises that grew in rural townships and villages during early reform.	它们吸收农村劳动力，生产工业品和服务，并推动农村非农经济发展。	They absorbed rural labour, produced industrial goods and services, and expanded the non-farm rural economy.	economy	enterprise_reform	reform_era	rural_china	foundation	IMF_REFORM	2026-08-06	2026-08-06	qtype::identification
econ-reform-005	乡镇企业为什么对早期改革重要？	Why were township and village enterprises important to early reform?	它们在正式私营部门尚小的时候推动就业、工业化和地方收入。	They drove employment, industrialization, and local revenue when the formal private sector was still small.	乡镇企业也说明中国改革并非只有国企与私企两种简单类型。	They also show that Chinese reform involved ownership forms more complex than a simple SOE–private divide.	economy	enterprise_reform	reform_era	rural_china	intermediate	IMF_REFORM	2026-08-06	2026-08-06	qtype::significance
econ-sez-006	经济特区的基本政策功能是什么？	What is the basic policy function of a Special Economic Zone?	在限定地区试验更开放的投资、贸易和市场政策。	To test more open investment, trade, and market policies in a defined area.	成功经验可扩大到其他地区，因此经济特区既是招商平台也是制度试验场。	Successful practices could be expanded elsewhere, making SEZs both investment platforms and policy laboratories.	economy	special_economic_zones	reform_era	coastal_china	foundation	IMF_SEZ	2026-08-06	2026-08-06	qtype::function
econ-sez-007	深圳为什么被设立为经济特区？	Why was Shenzhen designated a Special Economic Zone?	利用靠近香港的区位吸引投资、技术和出口产业，并试验改革政策。	To use its proximity to Hong Kong to attract investment, technology, and export industry while testing reforms.	深圳从边境小城发展为大都市，成为改革开放最常见的象征之一。	Shenzhen grew from a small border city into a metropolis and became one of the best-known symbols of Reform and Opening Up.	economy	special_economic_zones	reform_era	shenzhen	foundation	IMF_SEZ	2026-08-06	2026-08-06	qtype::cause
econ-sez-008	1980年首批四个经济特区分布在哪两个省？	In which two provinces were the first four Special Economic Zones established in 1980?	广东和福建。	Guangdong and Fujian.	深圳、珠海、汕头位于广东，厦门位于福建。	Shenzhen, Zhuhai, and Shantou are in Guangdong; Xiamen is in Fujian.	economy	special_economic_zones	reform_era	coastal_china	intermediate	IMF_SEZ	2026-08-06	2026-08-06	qtype::classification
econ-reform-009	中国改革为什么常被称为“渐进式”改革？	Why is China's reform often described as gradualist?	许多变化先局部试验，再扩大，而旧制度不是一次全部取消。	Many changes were piloted locally and expanded later, while old institutions were not abolished all at once.	农业承包、经济特区、价格改革和企业改革都体现了试点与推广的路径。	Agricultural contracting, SEZs, price reform, and enterprise reform all reflected piloting followed by scaling.	economy	reform_opening	reform_era	china	intermediate	IMF_REFORM	2026-08-06	2026-08-06	qtype::significance
econ-reform-010	1992年“社会主义市场经济”目标的提出有什么意义？	What was significant about adopting the goal of a “socialist market economy” in 1992?	它为扩大市场机制和企业改革提供了明确的政策框架。	It gave a clearer policy framework for expanding market mechanisms and enterprise reform.	这一概念把市场视为可以在社会主义制度内使用的资源配置工具。	The concept treated markets as allocation tools that could operate within a socialist system.	economy	reform_opening	reform_era	china	intermediate	IMF_REFORM	2026-08-06	2026-08-06	qtype::significance
econ-reform-011	中国加入世界贸易组织的时间是什么时候？	When did China join the World Trade Organization?	2001年12月11日。	2001-12-11.	加入世贸组织把中国更深地纳入全球贸易规则、出口市场和跨国供应链。	WTO entry integrated China more deeply into global trade rules, export markets, and multinational supply chains.	economy	global_trade	reform_era	china	foundation	WTO_CHINA	2026-08-06	2026-08-06	qtype::chronology
econ-reform-012	中国加入世贸组织后，制造业发展为什么加快？	Why did manufacturing expand faster after China's WTO entry?	更稳定的贸易准入、外资、供应链整合和国内投资共同扩大生产。	More predictable trade access, foreign investment, supply-chain integration, and domestic investment expanded production.	低成本劳动力只是因素之一，基础设施、产业集群和规模也很关键。	Low-cost labour was only one factor; infrastructure, industrial clusters, and scale were also crucial.	economy	global_trade	reform_era	china	intermediate	WTO_CHINA;WB_CHINA_OVERVIEW	2026-08-06	2026-08-06	qtype::cause
econ-enterprise-013	国有企业与私营企业最基本的区别是什么？	What is the most basic difference between an SOE and a private enterprise?	控制资本的所有者不同：国家与私人投资者。	They differ in who controls the capital: the state or private investors.	中国企业还包括混合所有制、集体所有和外商投资等多种形式。	Chinese firms also include mixed-ownership, collective, and foreign-invested forms.	economy	enterprise_types	contemporary	china	foundation	NBS_YEARBOOK_2025	2026-08-06	2026-08-06	qtype::comparison
econ-enterprise-014	为什么国有企业在能源和基础设施领域尤其重要？	Why are SOEs especially important in energy and infrastructure?	这些行业资本密集、关系国家安全和公共服务，国家长期保持较强控制。	These sectors are capital-intensive and tied to national security and public services, so the state has retained strong control.	大型国企常承担铁路、电网、石油、电信和重大工程建设。	Large SOEs often operate railways, power grids, oil, telecommunications, and major construction projects.	economy	enterprise_types	contemporary	china	intermediate	NBS_YEARBOOK_2025	2026-08-06	2026-08-06	qtype::cause
econ-enterprise-015	私营企业在中国经济中主要贡献什么？	What do private firms chiefly contribute to China's economy?	就业、创新、服务业和大量制造业活动。	Employment, innovation, services, and a large share of manufacturing activity.	私营部门从改革初期较小规模发展为经济的重要组成部分。	The private sector grew from a limited role early in reform into a major component of the economy.	economy	enterprise_types	contemporary	china	foundation	WB_CHINA_OVERVIEW;IMF_REFORM	2026-08-06	2026-08-06	qtype::significance
econ-finance-016	中国人民银行的基本职能是什么？	What is the basic function of the People's Bank of China?	作为中央银行制定和执行货币政策并维护金融稳定。	As the central bank, it formulates and implements monetary policy and supports financial stability.	它不是普通商业银行，主要管理货币、支付和宏观金融事务。	It is not an ordinary commercial bank; it oversees currency, payments, and macro-financial matters.	economy	financial_system	contemporary	china	foundation	NBS_YEARBOOK_2025	2026-08-06	2026-08-06	qtype::function
econ-finance-017	中国政策性银行与商业银行有什么不同？	How do China's policy banks differ from commercial banks?	政策性银行主要支持国家指定的发展和政策目标。	Policy banks chiefly finance designated national development and policy objectives.	商业银行更以存贷款和盈利经营为中心，政策性银行则常支持基础设施、农业或对外项目。	Commercial banks focus more on deposits, lending, and profitability, while policy banks often support infrastructure, agriculture, or overseas projects.	economy	financial_system	contemporary	china	intermediate	NBS_YEARBOOK_2025	2026-08-06	2026-08-06	qtype::comparison
econ-saving-018	为什么中国家庭储蓄率长期较高？	Why has household saving long been relatively high in China?	住房、教育、医疗、养老和收入不确定性增强了预防性储蓄。	Housing, education, health care, retirement, and income uncertainty encourage precautionary saving.	高储蓄支持投资，也可能限制居民消费在经济中的比重。	High saving supports investment but can also restrain the share of household consumption in the economy.	economy	household_finance	contemporary	china	intermediate	WB_CHINA_OVERVIEW	2026-08-06	2026-08-06	qtype::cause
econ-property-019	房地产为什么长期对中国经济影响很大？	Why has property long had a large influence on China's economy?	住房建设带动土地、建筑、钢铁、家电、信贷和地方财政。	Housing construction links land, building, steel, appliances, credit, and local finance.	房地产下行因此会同时影响家庭财富、企业现金流、银行风险和政府收入。	A property downturn can therefore affect household wealth, corporate cash flow, bank risk, and government revenue at once.	economy	property	contemporary	china	intermediate	WB_CHINA_OVERVIEW	2026-08-06	2026-08-06	qtype::significance
econ-land-020	土地出让收入为什么与中国地方政府财政有关？	Why is land-transfer revenue connected to Chinese local-government finance?	地方政府可以出让国有城市土地使用权并取得收入。	Local governments can grant use rights to state-owned urban land and receive revenue.	这一机制支持城市建设，也使地方财政容易受房地产和土地市场周期影响。	The mechanism finances urban construction but also exposes local budgets to property and land-market cycles.	economy	local_finance	contemporary	china	intermediate	WB_URBAN	2026-08-06	2026-08-06	qtype::cause
econ-local-021	地方政府融资平台大致是什么？	What broadly is a local-government financing vehicle?	地方政府关联的公司，用于为基础设施和发展项目融资。	A company linked to a local government that raises finance for infrastructure and development projects.	它帮助绕开直接举债限制，但也可能使地方债务和担保关系更复杂。	It can work around direct borrowing limits but may make local debt and guarantees more complex.	economy	local_finance	contemporary	china	advanced	WB_CHINA_OVERVIEW	2026-08-06	2026-08-06	qtype::identification
econ-tax-022	增值税为什么是中国财政中的重要税种？	Why is value-added tax important in China's public finances?	它广泛征收于商品和服务生产流通过程。	It is broadly levied across the production and circulation of goods and services.	增值税与企业活动密切相关，是中央与地方财政关系中的重要收入来源。	VAT is closely tied to business activity and is an important revenue source in central–local fiscal relations.	economy	public_finance	contemporary	china	intermediate	NBS_YEARBOOK_2025	2026-08-06	2026-08-06	qtype::significance
econ-export-023	出口导向型工业化在中国发展中发挥了什么作用？	What role did export-oriented industrialization play in China's development?	它扩大制造业、吸收劳动力并带来外汇、技术和管理经验。	It expanded manufacturing, absorbed labour, and brought foreign exchange, technology, and management experience.	出口增长与国内投资、基础设施和城市化相互强化。	Export growth reinforced domestic investment, infrastructure, and urbanization.	economy	global_trade	reform_era	coastal_china	foundation	IMF_REFORM;WTO_CHINA	2026-08-06	2026-08-06	qtype::significance
econ-fdi-024	外商直接投资为何对改革开放重要？	Why was foreign direct investment important to Reform and Opening Up?	它带来资本、出口订单、技术、管理方式和全球市场联系。	It brought capital, export orders, technology, management practices, and links to global markets.	外资最初集中在经济特区和沿海开放地区，后来向更多行业和地区扩展。	FDI initially concentrated in SEZs and coastal open areas before spreading to more sectors and regions.	economy	foreign_investment	reform_era	coastal_china	foundation	IMF_SEZ;IMF_REFORM	2026-08-06	2026-08-06	qtype::significance
econ-supply-025	什么是“全球供应链”中的中国制造环节？	What is China's manufacturing role in global supply chains?	从零部件和中间品到组装和整机生产的多层次制造网络。	A multi-level manufacturing network ranging from components and intermediate goods to assembly and finished products.	中国制造并非只做最终组装，许多产业已形成材料、设备、零件和物流的完整集群。	Chinese manufacturing is not limited to final assembly; many sectors have clusters spanning materials, equipment, components, and logistics.	economy	manufacturing	contemporary	china	intermediate	WTO_CHINA;WB_CHINA_OVERVIEW	2026-08-06	2026-08-06	qtype::significance
econ-manufacturing-026	中国制造业规模优势从哪里来？	Where do China's manufacturing scale advantages come from?	大型市场、产业集群、基础设施、熟练劳动力和完整供应商网络。	A large market, industrial clusters, infrastructure, skilled labour, and dense supplier networks.	规模可以降低单位成本、加快产品迭代，并吸引上下游企业集中。	Scale can reduce unit costs, speed product iteration, and attract upstream and downstream firms.	economy	manufacturing	contemporary	china	intermediate	WB_CHINA_OVERVIEW	2026-08-06	2026-08-06	qtype::cause
econ-port-027	大型港口为什么对中国外贸重要？	Why are large ports important to China's foreign trade?	它们把沿海制造业和内陆运输网络连接到全球航运。	They connect coastal manufacturing and inland transport networks with global shipping.	上海、宁波舟山、深圳和青岛等港口服务不同的区域经济带。	Ports such as Shanghai, Ningbo-Zhoushan, Shenzhen, and Qingdao serve different regional economies.	economy	logistics	contemporary	coastal_china	foundation	NBS_YEARBOOK_2025	2026-08-06	2026-08-06	qtype::significance
econ-container-028	集装箱化为什么帮助中国成为制造和贸易中心？	Why did containerization help China become a manufacturing and trade hub?	它降低装卸和运输成本，使大规模标准化贸易更高效。	It reduced handling and transport costs, making large-scale standardized trade more efficient.	港口、铁路、公路和物流园区围绕集装箱体系形成联运网络。	Ports, railways, roads, and logistics parks formed intermodal networks around container transport.	economy	logistics	contemporary	china	intermediate	NBS_YEARBOOK_2025	2026-08-06	2026-08-06	qtype::cause
econ-urbanization-029	工业化为什么推动中国大规模城市化？	Why did industrialization drive large-scale urbanization in China?	城市工厂、建筑和服务业吸引农村劳动力迁移。	Urban factories, construction, and services attracted workers from rural areas.	交通和住房建设又进一步扩大城市就业与土地开发。	Transport and housing construction then further expanded urban employment and land development.	economy	urbanization	reform_era	china	foundation	WB_URBAN	2026-08-06	2026-08-06	qtype::cause
econ-infrastructure-030	大规模基础设施投资如何支持经济增长？	How can large-scale infrastructure investment support economic growth?	通过改善运输、能源、通信和城市服务来降低经济活动成本。	By improving transport, energy, communications, and urban services, thereby reducing economic costs.	工程建设本身也创造需求，但项目质量、债务和利用率决定长期回报。	Construction also creates demand, but project quality, debt, and utilization determine long-term returns.	economy	infrastructure	contemporary	china	intermediate	WB_HSR;WB_CHINA_OVERVIEW	2026-08-06	2026-08-06	qtype::significance
econ-consumption-031	为什么中国经济政策强调扩大居民消费？	Why does Chinese economic policy emphasize expanding household consumption?	为了减少对投资和出口的过度依赖，使增长更多来自内需。	To reduce excessive reliance on investment and exports and make growth depend more on domestic demand.	提高收入安全、社会保障和服务供给有助于降低预防性储蓄。	Greater income security, social protection, and services can reduce precautionary saving.	economy	macroeconomy	contemporary	china	intermediate	WB_CHINA_OVERVIEW	2026-08-06	2026-08-06	qtype::cause
econ-productivity-032	经济增长从投资驱动转向生产率驱动是什么意思？	What does it mean to shift growth from investment-driven to productivity-driven?	更多增长来自技术、管理和资源配置改善，而不是单纯增加资本投入。	More growth comes from better technology, management, and allocation rather than simply adding capital.	当人口老龄化、债务上升和基础设施趋于成熟时，生产率变得更重要。	Productivity becomes more important as the population ages, debt rises, and infrastructure matures.	economy	macroeconomy	contemporary	china	advanced	WB_CHINA_OVERVIEW	2026-08-06	2026-08-06	qtype::comparison
econ-cluster-033	珠江三角洲的产业集群以哪些特点著称？	What features characterize industrial clusters in the Pearl River Delta?	出口制造、电子、家电、轻工业和密集供应链。	Export manufacturing, electronics, appliances, light industry, and dense supply chains.	广州、深圳、东莞、佛山等城市分工协作，并通过香港与国际市场长期联系。	Guangzhou, Shenzhen, Dongguan, and Foshan specialize and cooperate, with long-standing links to global markets through Hong Kong.	economy	regional_economies	contemporary	pearl_river_delta	foundation	IMF_SEZ;NBS_YEARBOOK_2025	2026-08-06	2026-08-06	qtype::classification
econ-cluster-034	长江三角洲经济区以哪些产业能力著称？	What economic capabilities distinguish the Yangtze River Delta?	先进制造、金融、贸易、数字经济和高密度城市网络。	Advanced manufacturing, finance, trade, the digital economy, and a dense urban network.	上海提供全球城市功能，江苏和浙江拥有强大的制造业与民营企业基础。	Shanghai provides global-city functions, while Jiangsu and Zhejiang have strong manufacturing and private-enterprise bases.	economy	regional_economies	contemporary	yangtze_delta	foundation	NBS_YEARBOOK_2025	2026-08-06	2026-08-06	qtype::classification
econ-cluster-035	京津冀区域经济协调的主要难题之一是什么？	What is one major challenge for economic coordination in Jing-Jin-Ji?	平衡北京功能集中与河北、天津的产业、交通和环境需求。	Balancing Beijing's concentration of functions with industrial, transport, and environmental needs in Hebei and Tianjin.	区域合作涉及疏解非首都功能、改善空气质量和建设跨城市交通网络。	Regional cooperation involves relocating non-capital functions, improving air quality, and building cross-city transport.	economy	regional_economies	contemporary	jing_jin_ji	intermediate	NBS_YEARBOOK_2025	2026-08-06	2026-08-06	qtype::significance
econ-cluster-036	东北老工业基地面临什么结构性挑战？	What structural challenge faces China's northeastern industrial base?	传统重工业和国企比重大，人口外流与产业更新压力突出。	A heavy legacy of traditional industry and SOEs combines with population outflow and pressure to renew the industrial base.	振兴需要提高生产率、发展新产业并改善民营投资环境。	Revitalization requires higher productivity, new industries, and a better environment for private investment.	economy	regional_economies	contemporary	northeast_china	intermediate	NBS_YEARBOOK_2025;WB_CHINA_OVERVIEW	2026-08-06	2026-08-06	qtype::cause
econ-cluster-037	成渝地区双城经济圈以哪两座城市为核心？	Which two cities anchor the Chengdu–Chongqing economic circle?	成都和重庆。	Chengdu and Chongqing.	该区域希望把中国西部的大城市、制造业、交通和消费市场更紧密连接。	The strategy aims to link major western cities, manufacturing, transport, and consumer markets more closely.	economy	regional_economies	contemporary	sichuan_chongqing	foundation	NBS_YEARBOOK_2025	2026-08-06	2026-08-06	qtype::classification
econ-region-038	沿海省份为什么在改革初期工业化特别快？	Why did coastal provinces industrialize especially rapidly in early reform?	它们靠近港口、海外市场、香港澳门台湾资本和最早开放政策。	They were close to ports, overseas markets, capital from Hong Kong, Macao, and Taiwan, and the earliest opening policies.	区位、政策和既有商业网络共同形成累积优势。	Location, policy, and existing commercial networks created cumulative advantages.	economy	regional_economies	reform_era	coastal_china	intermediate	IMF_SEZ	2026-08-06	2026-08-06	qtype::cause
econ-region-039	中国区域发展不平衡主要体现在哪些方面？	In which ways is regional economic inequality in China expressed?	沿海与内陆、城市与农村以及不同省份之间的收入和机会差异。	Differences in income and opportunity between coast and interior, urban and rural areas, and among provinces.	产业结构、教育、交通、人口流动和财政能力都会扩大或缩小这些差异。	Industrial structure, education, transport, migration, and fiscal capacity can widen or narrow these gaps.	economy	regional_inequality	contemporary	china	foundation	WB_CHINA_OVERVIEW;NBS_YEARBOOK_2025	2026-08-06	2026-08-06	qtype::classification
econ-west-040	“西部大开发”政策的基本目标是什么？	What is the basic objective of the Western Development strategy?	通过基础设施、投资和公共服务促进西部地区发展。	To promote development in western regions through infrastructure, investment, and public services.	政策也涉及资源开发、生态保护和边疆联系，因此目标之间可能存在权衡。	The strategy also involves resource development, ecological protection, and frontier connectivity, creating trade-offs among goals.	economy	regional_policy	contemporary	western_china	intermediate	NBS_YEARBOOK_2025	2026-08-06	2026-08-06	qtype::significance
econ-hsr-041	高速铁路为什么对中国经济地理重要？	Why is high-speed rail important to China's economic geography?	它缩短大城市间旅行时间并扩大劳动力、旅游和商业联系。	It reduces travel time between major cities and widens labour, tourism, and business links.	高铁也会改变城市竞争和投资分布，其收益取决于客流和区域条件。	HSR can also reshape urban competition and investment patterns, with benefits depending on ridership and regional conditions.	economy	infrastructure	contemporary	china	foundation	WB_HSR	2026-08-06	2026-08-06	qtype::significance
econ-bri-042	“一带一路”倡议的基本目标是什么？	What is the basic objective of the Belt and Road Initiative?	通过基础设施、贸易和投资加强中国与其他国家的互联互通。	To strengthen connectivity between China and other countries through infrastructure, trade, and investment.	倡议包括陆上经济走廊和海上丝绸之路，项目收益和风险因国家与项目而异。	It includes overland economic corridors and a Maritime Silk Road; benefits and risks vary by country and project.	economy	belt_and_road	contemporary	eurasia	foundation	WB_BRI	2026-08-06	2026-08-06	qtype::identification
econ-bri-043	“一带一路”项目为什么需要评估债务和环境风险？	Why must Belt and Road projects assess debt and environmental risks?	大型基础设施需要长期收入偿债，并可能改变土地、社区和生态系统。	Large infrastructure needs long-term revenue to service debt and can alter land, communities, and ecosystems.	良好采购、透明度和跨境协调决定项目能否产生可持续收益。	Sound procurement, transparency, and cross-border coordination help determine whether projects yield sustainable benefits.	economy	belt_and_road	contemporary	international	intermediate	WB_BRI	2026-08-06	2026-08-06	qtype::cause
econ-ev-044	中国为什么在全球电动汽车产业中重要？	Why is China important in the global electric-vehicle industry?	它拥有大型国内市场、整车企业和高度集中的电池供应链。	It has a large domestic market, major vehicle producers, and a highly concentrated battery supply chain.	产业规模覆盖矿物加工、电池材料、电芯、整车和充电设施。	The industrial base spans mineral processing, battery materials, cells, vehicles, and charging infrastructure.	economy	strategic_industries	contemporary	china	foundation	IEA_EV_2026	2026-08-06	2026-08-06	qtype::significance;as_of::2025
econ-battery-045	中国在全球电池供应链中的优势主要来自什么？	What chiefly underpins China's advantage in global battery supply chains?	材料加工、电芯制造、设备、规模和下游电动车市场相互集中。	Concentration of materials processing, cell production, equipment, scale, and the downstream EV market.	供应链聚集降低成本并加快迭代，但也使全球产业关注地理集中风险。	Clustering reduces costs and speeds iteration but also raises global concern about geographic concentration risk.	economy	strategic_industries	contemporary	china	intermediate	IEA_EV_2026	2026-08-06	2026-08-06	qtype::cause;as_of::2025
econ-solar-046	中国为什么在全球太阳能板制造中重要？	Why is China important in global solar-panel manufacturing?	它在多晶硅、硅片、电池片和组件等环节拥有巨大产能。	It has enormous capacity across polysilicon, wafers, cells, and modules.	完整供应链和规模降低了全球光伏成本，同时也形成供应集中问题。	Integrated supply chains and scale lowered global PV costs while creating supply-concentration concerns.	economy	strategic_industries	contemporary	china	foundation	IEA_SOLAR	2026-08-06	2026-08-06	qtype::significance
econ-telecom-047	中国电信设备产业的经济意义是什么？	What is the economic significance of China's telecommunications-equipment industry?	它连接设备制造、网络建设、软件和数字服务市场。	It links equipment manufacturing, network construction, software, and digital-service markets.	电信也是国家安全、技术标准和国际竞争高度敏感的领域。	Telecommunications is also highly sensitive in national security, technical standards, and international competition.	economy	strategic_industries	contemporary	china	intermediate	NBS_YEARBOOK_2025	2026-08-06	2026-08-06	qtype::significance
econ-semiconductor-048	为什么半导体是中国重要的产业政策领域？	Why are semiconductors a major field of Chinese industrial policy?	芯片是电子、汽车、通信、工业和国防系统的关键投入。	Chips are critical inputs for electronics, vehicles, communications, industry, and defence systems.	中国拥有庞大芯片需求，但先进制造设备和技术限制使供应安全成为重点。	China has vast chip demand, while constraints in advanced fabrication equipment and technology make supply security a priority.	economy	strategic_industries	contemporary	china	intermediate	NBS_YEARBOOK_2025	2026-08-06	2026-08-06	qtype::cause
econ-rareearth-049	稀土元素为什么具有战略经济意义？	Why are rare-earth elements strategically important?	它们用于高性能磁体、电子、清洁能源和国防技术。	They are used in high-performance magnets, electronics, clean energy, and defence technologies.	关键不只是采矿，还包括分离、精炼和材料制造能力。	The strategic issue is not only mining but also separation, refining, and materials manufacturing.	economy	strategic_industries	contemporary	china	foundation	USGS_CHINA_MINERALS_2026	2026-08-06	2026-08-06	qtype::significance;as_of::2024
econ-digital-050	数字平台为什么改变了中国零售经济？	Why have digital platforms transformed retail in China?	它们把电商、支付、物流、广告和数据服务连接起来。	They connect e-commerce, payments, logistics, advertising, and data services.	庞大用户市场和配送网络使线上线下商业快速融合，同时带来竞争和监管问题。	A large user market and delivery networks rapidly integrated online and offline commerce while creating competition and regulatory issues.	economy	digital_economy	contemporary	china	foundation	NBS_YEARBOOK_2025	2026-08-06	2026-08-06	qtype::cause
econ-demography-051	人口老龄化为什么会影响中国经济增长？	Why does population ageing affect China's economic growth?	劳动年龄人口增长放缓，而养老金、医疗和照护需求上升。	Growth of the working-age population slows while pension, health, and care needs rise.	提高生产率、延迟退休、改善社会保障和支持家庭都成为相关政策议题。	Higher productivity, later retirement, stronger social protection, and family support all become relevant policy issues.	economy	demographic_challenges	contemporary	china	foundation	WB_CHINA_OVERVIEW	2026-08-06	2026-08-06	qtype::cause
econ-debt-052	高债务为什么会限制投资驱动型增长？	Why can high debt constrain investment-driven growth?	新增项目若回报不足，偿债会挤压未来财政和信贷空间。	If new projects yield too little, debt service crowds out future fiscal and credit space.	问题不只是债务规模，也包括借款主体、期限、利率和项目现金流。	The issue is not only debt size but also the borrower, maturity, interest cost, and project cash flow.	economy	macroeconomic_challenges	contemporary	china	intermediate	WB_CHINA_OVERVIEW	2026-08-06	2026-08-06	qtype::cause
econ-environment-053	为什么环境治理也是经济发展问题？	Why is environmental governance also an economic-development issue?	污染和资源过度使用会提高医疗、生产和生态修复成本。	Pollution and overuse of resources raise health, production, and restoration costs.	更清洁的能源和工业过程需要投资，但也能创造新技术和产业机会。	Cleaner energy and industry require investment but can also create new technological and industrial opportunities.	economy	green_development	contemporary	china	foundation	IEA_CHINA_ENERGY;WB_WATER	2026-08-06	2026-08-06	qtype::significance
econ-tradeoff-054	中国能源转型为什么同时是产业机会和经济挑战？	Why is China's energy transition both an industrial opportunity and an economic challenge?	清洁技术产业强大，但煤炭、重工业和区域就业仍深度嵌入现有经济。	Clean-technology industries are strong, but coal, heavy industry, and regional employment remain deeply embedded in the economy.	转型需要电网、储能、市场改革和对受影响地区与劳动者的支持。	The transition requires grids, storage, market reform, and support for affected regions and workers.	economy	green_development	contemporary	china	intermediate	IEA_CHINA_ENERGY	2026-08-06	2026-08-06	qtype::comparison
econ-balance-055	理解中国经济时，为什么不能只看国内生产总值增长率？	Why is the GDP growth rate alone insufficient for understanding China's economy?	还要看就业、收入、消费、债务、生产率、人口和环境质量。	Employment, income, consumption, debt, productivity, demography, and environmental quality also matter.	同样的增长速度可能来自不同结构，并产生不同的长期风险和社会结果。	The same growth rate can come from different structures and produce very different long-term risks and social outcomes.	economy	macroeconomy	contemporary	china	foundation	WB_CHINA_OVERVIEW;NBS_YEARBOOK_2025	2026-08-06	2026-08-06	qtype::significance
soc-population-001	中国人口分布最明显的空间特点是什么？	What is the clearest spatial pattern of China's population distribution?	东部和东南部人口密集，西部和西北部较稀疏。	Population is dense in the east and southeast and much sparser in the west and northwest.	平原、降水、农业历史、城市和交通共同塑造了这种差异。	Plains, rainfall, agricultural history, cities, and transport jointly shaped this pattern.	society	population	contemporary	china	foundation	NBS_CENSUS_2020;MEE_GEOGRAPHY	2026-08-06	2026-08-06	qtype::direct
soc-urban-002	中国城市化最基本的含义是什么？	What is the basic meaning of urbanization in China?	越来越多人口在城市居住和工作，经济活动也向城市集中。	A growing share of people live and work in cities, while economic activity concentrates there.	城市化还包括土地用途、基础设施、公共服务和生活方式的变化。	It also involves changes in land use, infrastructure, public services, and ways of life.	society	urbanization	contemporary	china	foundation	WB_URBAN	2026-08-06	2026-08-06	qtype::identification
soc-rural-003	改革开放后中国农村社会最重要的变化之一是什么？	What was one of the most important changes in rural Chinese society after Reform and Opening Up?	家庭经营恢复，农村劳动力大量转向乡镇企业和城市就业。	Household farming returned, and large numbers of rural workers moved into township enterprises and urban employment.	农村家庭收入来源从单一农业逐渐变得多样。	Rural household incomes gradually diversified beyond farming alone.	society	rural_society	reform_era	rural_china	intermediate	IMF_REFORM;WB_URBAN	2026-08-06	2026-08-06	qtype::significance
soc-hukou-004	什么是户口制度？	What is the hukou system?	按家庭登记人口并关联户籍地点和类别的制度。	A household-registration system linking people to a registered location and status.	户口长期影响迁移者获得教育、医疗、住房和社会保障的条件，各地改革程度不同。	Hukou has long affected migrants' access to education, health care, housing, and social protection, with reforms varying by locality.	society	hukou	contemporary	china	foundation	WB_URBAN	2026-08-06	2026-08-06	qtype::identification
soc-hukou-005	户口与实际居住地不同会产生什么问题？	What problem can arise when hukou and actual residence differ?	人在城市工作生活，却可能难以按同等条件获得当地公共服务。	A person may live and work in a city yet face unequal access to local public services.	随迁子女教育、社保转移和住房资格是常见议题。	Education for migrant children, portability of benefits, and housing eligibility are common issues.	society	hukou	contemporary	urban_china	intermediate	WB_URBAN	2026-08-06	2026-08-06	qtype::cause
soc-migration-006	为什么工业化伴随大规模国内人口流动？	Why did industrialization bring large-scale internal migration?	沿海和城市工作机会吸引农村及内陆劳动力。	Jobs in coastal and urban areas attracted workers from rural and inland regions.	迁移支持制造业和建筑业，也让家庭照护与公共服务面临新压力。	Migration supported manufacturing and construction while creating new pressures for family care and public services.	society	migration	reform_era	china	foundation	WB_URBAN	2026-08-06	2026-08-06	qtype::cause
soc-migration-007	“农民工”通常指什么群体？	Who are generally described by the term “migrant workers” in China?	具有农村户籍、在非农行业或城市就业的劳动者。	Workers with rural registration employed in non-farm sectors or cities.	他们是城市建设、制造、物流和服务业的重要劳动力来源。	They are a major labour source for urban construction, manufacturing, logistics, and services.	society	migration	contemporary	china	foundation	WB_URBAN	2026-08-06	2026-08-06	qtype::identification
soc-family-008	中国家庭规模为什么在近几十年总体缩小？	Why has average family size generally fallen in recent decades in China?	低生育率、城市化、晚婚和家庭结构变化共同作用。	Low fertility, urbanization, later marriage, and changing household structures all contribute.	多代同堂仍存在，但小家庭和独居人口增加。	Multigenerational households remain, but smaller households and living alone have become more common.	society	family	contemporary	china	foundation	NBS_YEARBOOK_2025	2026-08-06	2026-08-06	qtype::cause
soc-ageing-009	中国日益突出的主要人口问题是什么？	What major demographic problem is becoming increasingly prominent in China?	人口老龄化和低生育率。	Population ageing and low fertility.	这会改变劳动市场、养老金、医疗、照护和家庭责任。	These trends reshape labour markets, pensions, health care, care work, and family responsibilities.	society	demography	contemporary	china	foundation	NBS_YEARBOOK_2025;WB_CHINA_OVERVIEW	2026-08-06	2026-08-06	qtype::direct
soc-ageing-010	老龄化为什么给家庭照护带来压力？	Why does ageing put pressure on family care?	需要照护的老人增多，而家庭子女数量和同住机会减少。	More older people need care while families have fewer children and fewer opportunities to live together.	正式养老服务、社区照护和长期护理因此更加重要。	Formal elder services, community care, and long-term care therefore become more important.	society	demography	contemporary	china	intermediate	NBS_YEARBOOK_2025	2026-08-06	2026-08-06	qtype::cause
soc-onechild-011	独生子女政策的基本目的是什么？	What was the basic purpose of the one-child policy?	限制人口增长，尤其限制多数城市家庭的生育数量。	To limit population growth, especially by restricting births for most urban families.	政策自20世纪70年代末逐步实施，各地和不同群体的规则并不完全相同。	The policy developed from the late 1970s, and rules varied by place and population group.	society	demography	reform_era	china	foundation	NBS_YEARBOOK_2025;LOC_CHINA_STUDY	2026-08-06	2026-08-06	qtype::identification
soc-onechild-012	中国为什么后来放宽生育政策？	Why did China later relax birth restrictions?	低生育率、老龄化和劳动年龄人口变化成为更大担忧。	Low fertility, ageing, and changes in the working-age population became greater concerns.	允许更多生育并不自动提高出生率，因为住房、教育、工作和照护成本仍影响家庭决定。	Allowing more births does not automatically raise fertility because housing, education, work, and care costs still shape family choices.	society	demography	contemporary	china	intermediate	NBS_YEARBOOK_2025;WB_CHINA_OVERVIEW	2026-08-06	2026-08-06	qtype::cause
soc-gaokao-013	什么是高考？	What is the gaokao?	中国普通高等学校招生全国统一考试体系。	China's national system of examinations for admission to regular higher education.	各省具体科目和录取安排可能不同，但高考成绩通常是大学录取的核心依据。	Subjects and admission rules vary by province, but gaokao results are generally central to university admission.	society	education	contemporary	china	foundation	MOE_GAOKAO;OECD_EDUCATION	2026-08-06	2026-08-06	qtype::identification
soc-gaokao-014	高考为什么具有强烈的社会意义？	Why does the gaokao carry such strong social significance?	它把大学机会、家庭期望和未来就业紧密联系起来。	It closely links university opportunity, family expectations, and future employment.	统一考试可以提供共同标准，但地区名额、学校资源和家庭条件仍会影响机会。	A common examination provides a shared standard, while regional quotas, school resources, and family circumstances still affect opportunity.	society	education	contemporary	china	intermediate	MOE_GAOKAO;OECD_EDUCATION	2026-08-06	2026-08-06	qtype::significance
soc-education-015	中国实行几年义务教育？	How many years of compulsory education does China provide?	九年。	Nine years.	通常包括小学和初中阶段，法律规定免收学费和杂费。	It normally covers primary and lower-secondary schooling, with law providing that tuition and miscellaneous fees are not charged.	society	education	contemporary	china	foundation	MOE_COMPULSORY	2026-08-06	2026-08-06	qtype::direct
soc-education-016	义务教育为什么主要由地方政府落实？	Why is compulsory education implemented mainly by local governments?	学校建设、教师、经费和学生管理都需要地方行政与财政组织。	School construction, teachers, funding, and student administration require local administrative and fiscal organization.	中央制定法律和政策，但地方财政差异会影响教育资源均衡。	The centre sets law and policy, while differences in local finances affect equality of educational resources.	society	education	contemporary	china	intermediate	MOE_COMPULSORY;OECD_EDUCATION	2026-08-06	2026-08-06	qtype::cause
soc-education-017	“中考”通常决定什么？	What does the zhongkao generally determine?	初中毕业生进入普通高中或职业教育等不同路径的机会。	Opportunities for lower-secondary graduates to enter academic high school, vocational education, or other pathways.	各地考试与录取制度不同，但中考是教育分流的重要节点。	Systems vary locally, but the zhongkao is a major point of educational sorting.	society	education	contemporary	china	foundation	OECD_EDUCATION	2026-08-06	2026-08-06	qtype::function
soc-university-018	“985工程”和“211工程”大致是什么？	What broadly were Projects 985 and 211?	国家集中支持重点大学和学科发展的高等教育计划。	National programs concentrating support on leading universities and disciplines.	这些名称仍常用于社会讨论，后来重点建设更多转入“双一流”框架。	The labels remain common in public discussion, while later elite support shifted largely to the Double First-Class framework.	society	higher_education	contemporary	china	intermediate	OECD_EDUCATION	2026-08-06	2026-08-06	qtype::identification
soc-university-019	大学扩招对中国社会产生了什么影响？	What social effect did the expansion of university enrolment have in China?	更多青年获得高等教育，同时毕业生就业竞争也扩大。	More young people gained access to higher education while graduate job competition also increased.	高等教育大众化改变了职业期待、城市迁移和家庭教育投入。	Mass higher education changed career expectations, urban migration, and family spending on education.	society	higher_education	contemporary	china	intermediate	OECD_EDUCATION;NBS_YEARBOOK_2025	2026-08-06	2026-08-06	qtype::significance
soc-vocational-020	职业教育在中国教育体系中的主要目标是什么？	What is the main goal of vocational education in China?	培养面向技术、制造和服务岗位的实用技能。	To develop practical skills for technical, manufacturing, and service occupations.	政策希望职业教育满足产业需求，但社会声望和升学通道仍是长期议题。	Policy seeks to meet industrial demand, while social status and routes to further study remain long-term issues.	society	education	contemporary	china	intermediate	OECD_EDUCATION	2026-08-06	2026-08-06	qtype::function
soc-health-021	中国基本医疗服务主要由哪些层级共同提供？	Which levels jointly provide basic health services in China?	医院、基层社区卫生机构和农村卫生机构。	Hospitals, community-level health facilities, and rural health institutions.	大城市大型医院资源较集中，基层医疗能力和地区差异是改革重点。	Large hospitals are concentrated in major cities, while primary-care capacity and regional disparities are reform priorities.	society	healthcare	contemporary	china	foundation	NBS_YEARBOOK_2025;WB_CHINA_OVERVIEW	2026-08-06	2026-08-06	qtype::classification
soc-health-022	医保覆盖扩大为什么重要？	Why is expansion of health-insurance coverage important?	它减少看病费用完全由家庭承担的风险。	It reduces the risk that households must bear all medical costs themselves.	覆盖并不等于所有费用全额报销，待遇仍因地区、项目和医院层级而不同。	Coverage does not mean every cost is fully reimbursed; benefits vary by locality, service, and hospital level.	society	healthcare	contemporary	china	intermediate	WB_CHINA_OVERVIEW;NBS_YEARBOOK_2025	2026-08-06	2026-08-06	qtype::significance
soc-housing-023	住房为什么在中国家庭财富中占重要位置？	Why does housing occupy an important place in Chinese household wealth?	城市住房价格高，购房常吸收家庭多代人的储蓄。	Urban housing is expensive, and purchases often absorb savings from more than one generation.	住房还与婚姻、学区、城市身份和投资预期相联系。	Housing is also linked to marriage, school districts, urban status, and investment expectations.	society	housing	contemporary	urban_china	foundation	WB_URBAN;WB_CHINA_OVERVIEW	2026-08-06	2026-08-06	qtype::cause
soc-housing-024	商品房改革如何改变城市生活？	How did commercial housing reform change urban life?	住房从主要由单位分配转向更多由市场购买和租赁。	Housing shifted from mainly work-unit allocation toward more market purchase and rental.	改革扩大住房建设和家庭资产，也带来房价、按揭和土地财政问题。	The reform expanded housing construction and household assets while creating issues around prices, mortgages, and land finance.	society	housing	reform_era	urban_china	intermediate	WB_URBAN	2026-08-06	2026-08-06	qtype::comparison
soc-workunit-025	计划经济时期“单位”除了提供工作还常提供什么？	Besides employment, what did the work unit often provide during the planned-economy era?	住房、福利、医疗和日常行政管理。	Housing, welfare, health care, and everyday administration.	市场改革后单位的全面社会功能减弱，服务更多转向市场、社区和社会保障制度。	With market reform, the work unit's comprehensive social role declined and services shifted toward markets, communities, and social insurance.	society	work_and_welfare	prc	urban_china	intermediate	LOC_CHINA_STUDY	2026-08-06	2026-08-06	qtype::significance
soc-work-026	“996”这个说法通常指什么工作安排？	What work schedule is commonly meant by “996”?	早9点到晚9点、每周工作6天。	Working from 9 a.m. to 9 p.m., 6 days a week.	这个词常用于批评部分科技和互联网公司的超长工时，并不代表所有中国工作场所。	The term is commonly used to criticize very long hours in parts of tech and internet business and does not describe all Chinese workplaces.	society	work_culture	contemporary	urban_china	foundation	NBS_YEARBOOK_2025	2026-08-06	2026-08-06	qtype::qualification
soc-payments-027	移动支付为什么在中国特别普及？	Why did mobile payments become especially widespread in China?	智能手机、二维码、平台生态和线下商户快速采用相互推动。	Smartphones, QR codes, platform ecosystems, and rapid merchant adoption reinforced one another.	支付应用同时连接转账、购物、交通和生活服务。	Payment apps also connect transfers, shopping, transport, and everyday services.	society	digital_life	contemporary	china	foundation	NBS_YEARBOOK_2025	2026-08-06	2026-08-06	qtype::cause
soc-ecommerce-028	电商如何改变偏远地区的消费和销售？	How has e-commerce changed consumption and selling in remote areas?	它扩大商品选择，也让地方产品进入更广市场。	It broadens product choice and lets local products reach wider markets.	效果依赖物流、数字技能和平台规则，因此不同地区受益程度不同。	The impact depends on logistics, digital skills, and platform rules, so benefits vary among regions.	society	digital_life	contemporary	rural_china	intermediate	NBS_YEARBOOK_2025	2026-08-06	2026-08-06	qtype::significance
soc-socialmedia-029	中国社交媒体生态为什么与许多西方国家不同？	Why does China's social-media ecosystem differ from that of many Western countries?	本土平台占主导，并在不同监管和内容制度下运行。	Domestic platforms dominate and operate under a different regulatory and content system.	微信、微博、短视频和内容社区各有功能，平台边界也常相互重叠。	Messaging, microblogging, short-video, and content-community platforms have different functions that often overlap.	society	digital_life	contemporary	china	foundation	NBS_YEARBOOK_2025	2026-08-06	2026-08-06	qtype::cause
soc-digitaldivide-030	什么是中国社会中的“数字鸿沟”？	What is the digital divide in Chinese society?	不同年龄、收入和地区人群在设备、网络和数字技能上的差异。	Differences in devices, connectivity, and digital skills across age, income, and region.	当支付、医疗和政务服务上网后，缺乏数字能力的人可能更难获得服务。	As payments, health care, and public services move online, people lacking digital access or skills may face new barriers.	society	digital_life	contemporary	china	intermediate	NBS_YEARBOOK_2025	2026-08-06	2026-08-06	qtype::significance
soc-inequality-031	中国城乡收入差距为何长期存在？	Why has the urban–rural income gap persisted in China?	产业机会、教育、公共服务、土地制度和户口条件不同。	Industrial opportunities, education, public services, land institutions, and hukou conditions differ.	迁移和农村发展缩小部分差距，但资产和服务不平等仍然明显。	Migration and rural development have narrowed some gaps, while inequality in assets and services remains significant.	society	inequality	contemporary	china	intermediate	WB_URBAN;WB_CHINA_OVERVIEW	2026-08-06	2026-08-06	qtype::cause
soc-regional-032	区域教育差异通常表现在哪些方面？	How do regional education differences commonly appear?	学校经费、教师质量、课程机会和升学竞争条件不同。	School funding, teacher quality, course opportunities, and conditions for admissions competition differ.	中央转移支付和专项计划试图改善均衡，但人口流动又带来新的配置压力。	Central transfers and targeted programs seek greater equality, while migration creates new allocation pressures.	society	inequality	contemporary	china	intermediate	OECD_EDUCATION;MOE_COMPULSORY	2026-08-06	2026-08-06	qtype::classification
soc-leftbehind-033	“留守儿童”通常指什么？	Who are generally described as “left-behind children” in China?	父母长期外出务工、自己留在户籍地生活的儿童。	Children who remain in their home locality while one or both parents work away for long periods.	这一现象与劳动力迁移、户口、教育和家庭照护安排相联系。	The issue is connected with labour migration, hukou, schooling, and family-care arrangements.	society	family_and_migration	contemporary	rural_china	foundation	WB_URBAN	2026-08-06	2026-08-06	qtype::identification
soc-elder-034	“空巢老人”这个说法通常指什么？	What does the term “empty-nest elderly” generally mean?	子女不在身边共同生活的老年人。	Older people whose adult children do not live with them.	迁移、小家庭化和寿命延长使社区照护和社会联系更加重要。	Migration, smaller households, and longer lives make community care and social connection increasingly important.	society	family	contemporary	china	foundation	NBS_YEARBOOK_2025	2026-08-06	2026-08-06	qtype::identification
soc-gender-035	中国女性教育和就业机会扩大后，仍面临哪些结构性问题？	Which structural issues remain despite expanded education and employment opportunities for women in China?	招聘歧视、照护负担、收入差距和晋升障碍。	Hiring discrimination, care burdens, pay gaps, and promotion barriers.	这些问题因行业、地区、家庭条件和年龄而不同，不能用单一经验概括。	They vary by sector, region, household circumstances, and age and cannot be reduced to one universal experience.	society	gender	contemporary	china	intermediate	NBS_YEARBOOK_2025	2026-08-06	2026-08-06	qtype::classification
soc-ethnicity-036	中国官方承认多少个民族？	How many ethnic groups are officially recognized in China?	56个。	56.	汉族人口占多数，另外55个被称为少数民族，语言、宗教和文化传统非常多样。	Han Chinese form the majority, while the other 55 officially recognized groups have highly diverse languages, religions, and cultural traditions.	society	ethnicity	contemporary	china	foundation	NPC_CONSTITUTION;NBS_YEARBOOK_2025	2026-08-06	2026-08-06	qtype::direct
soc-language-037	普通话推广与地方语言使用之间是什么关系？	What is the relationship between promoting Putonghua and using local languages?	普通话用于全国公共交流，地方方言和民族语言仍在家庭、社区和文化中使用。	Putonghua serves nationwide public communication, while local varieties and minority languages remain in family, community, and cultural use.	实际语言生活常是多语或多方言的，不是简单的一种语言完全取代另一种。	Real language practice is often multilingual or multidialectal rather than a simple replacement of one language by another.	society	language_in_society	contemporary	china	intermediate	MOE_LANGUAGE_2026;NPC_LANGUAGE	2026-08-06	2026-08-06	qtype::comparison
soc-publicservice-038	城市社区为什么在公共服务中越来越重要？	Why have urban communities become increasingly important in public services?	人口流动和单位制弱化后，许多服务需要在居住地组织。	As mobility increased and work-unit provision declined, many services had to be organized where people live.	社区承担养老、卫生、救助、调解和基层信息联系等工作。	Communities help organize elder care, health, assistance, mediation, and grassroots information links.	society	community	contemporary	urban_china	intermediate	GOV_LOCAL_GOVERNMENT	2026-08-06	2026-08-06	qtype::cause
soc-exam-039	为什么考试在中国社会流动叙事中占重要位置？	Why do examinations occupy an important place in Chinese narratives of social mobility?	科举和现代升学考试都把个人努力与进入教育、官僚或职业机会联系起来。	Imperial examinations and modern entrance tests both link individual effort with access to educational, bureaucratic, or career opportunity.	考试提供可比较标准，但资源差异意味着竞争起点并不完全相同。	Exams provide comparable standards, but unequal resources mean competitors do not begin from identical positions.	society	education	long_duration	china	advanced	LOC_CHINA_STUDY;OECD_EDUCATION	2026-08-06	2026-08-06	qtype::significance
soc-diversity-040	为什么不能把“中国社会”当作完全一致的单一生活方式？	Why should “Chinese society” not be treated as one uniform way of life?	地区、城乡、阶层、民族、年龄和家庭经历差异很大。	Region, urban–rural location, class, ethnicity, age, and family experience vary greatly.	共同制度和文化参照真实存在，但具体生活实践会因地方和个人条件而变化。	Shared institutions and cultural references are real, but lived practices vary by locality and personal circumstances.	society	social_diversity	contemporary	china	foundation	NBS_CENSUS_2020;NBS_YEARBOOK_2025	2026-08-06	2026-08-06	qtype::qualification
cult-festival-001	春节庆祝的核心主题是什么？	What is the central theme of Spring Festival?	迎接农历新年和家庭团聚。	Welcoming the lunar new year and reuniting with family.	各地习俗不同，但年夜饭、拜年、装饰和祝福新年都很常见。	Customs vary, but reunion meals, visits, decorations, and wishes for the new year are widespread.	culture	festivals	traditional_calendar	china	foundation	UNESCO_SPRING_FESTIVAL	2026-08-06	2026-08-06	qtype::direct
cult-festival-002	春节日期为什么每年在公历中变化？	Why does the date of Spring Festival change each year in the Gregorian calendar?	因为它按中国传统阴阳合历确定。	Because it is set by the traditional Chinese lunisolar calendar.	春节是农历正月初一，通常落在公历一月下旬至二月中旬之间。	It falls on the first day of the first lunar month, usually between late January and mid-February.	culture	festivals	traditional_calendar	china	foundation	UNESCO_SPRING_FESTIVAL	2026-08-06	2026-08-06	qtype::cause
cult-calendar-003	中国传统历法为什么称为“阴阳合历”？	Why is the traditional Chinese calendar called lunisolar?	月份依月相，年份又通过闰月与太阳季节协调。	Months follow lunar phases, while leap months keep the year aligned with the solar seasons.	这种结构让节日按月相移动，同时农业节气保持季节意义。	This lets festival dates move with the moon while agricultural solar terms retain seasonal meaning.	culture	traditional_calendar	traditional_calendar	china	intermediate	LOC_CHINA_STUDY	2026-08-06	2026-08-06	qtype::significance
cult-calendar-004	“二十四节气”主要用来做什么？	What are the Twenty-Four Solar Terms chiefly used for?	标示太阳年中的季节变化和农业时序。	To mark seasonal changes and agricultural timing through the solar year.	节气按太阳位置划分，不等同于农历月份。	The terms follow the sun's position and are not the same as lunar months.	culture	traditional_calendar	traditional_calendar	china	intermediate	UNESCO_ICH_CHINA	2026-08-06	2026-08-06	qtype::function
cult-festival-005	元宵节通常在什么时候庆祝？	When is the Lantern Festival usually celebrated?	农历正月十五。	On the fifteenth day of the first lunar month.	它标志春节庆祝接近结束，常见活动包括赏灯和吃元宵或汤圆。	It marks the close of the Spring Festival season and often includes lantern displays and sweet rice dumplings.	culture	festivals	traditional_calendar	china	foundation	UNESCO_ICH_CHINA	2026-08-06	2026-08-06	qtype::chronology
cult-festival-006	清明节最主要与什么活动有关？	What activity is Qingming Festival chiefly associated with?	扫墓、纪念祖先和春季出游。	Tomb sweeping, remembrance of ancestors, and spring outings.	不同家庭的祭扫方式不同，现代城市也发展出鲜花和网络纪念等形式。	Practices differ by family, and modern cities have also developed flower offerings and online remembrance.	culture	festivals	traditional_calendar	china	foundation	UNESCO_ICH_CHINA	2026-08-06	2026-08-06	qtype::direct
cult-festival-007	端午节最常见的两种文化标志是什么？	What are two common cultural symbols of the Dragon Boat Festival?	龙舟竞渡和粽子。	Dragon-boat racing and zongzi rice dumplings.	端午传统因地区而异，常与纪念屈原、避疫和季节习俗相联系。	Dragon Boat traditions vary regionally and are often linked with Qu Yuan, protection from illness, and seasonal customs.	culture	festivals	traditional_calendar	china	foundation	UNESCO_ICH_CHINA	2026-08-06	2026-08-06	qtype::classification
cult-festival-008	中秋节的核心象征是什么？	What is the central symbol of Mid-Autumn Festival?	满月象征团圆。	The full moon symbolizes reunion.	赏月、分享月饼和表达对远方家人的思念是常见主题。	Moon viewing, sharing mooncakes, and thinking of distant family members are common themes.	culture	festivals	traditional_calendar	china	foundation	UNESCO_ICH_CHINA	2026-08-06	2026-08-06	qtype::significance
cult-hongbao-009	为什么春节等场合会送红包？	Why are red envelopes given at Spring Festival and other occasions?	用金钱表达祝福、关爱和好运。	To express good wishes, care, and good fortune through a gift of money.	赠送对象和金额受家庭关系与地方习惯影响，数字红包也已很普遍。	Recipients and amounts depend on family relations and local custom, and digital red envelopes are now common.	culture	gift_customs	contemporary	china	foundation	UNESCO_SPRING_FESTIVAL	2026-08-06	2026-08-06	qtype::cause
cult-ancestor-010	祖先纪念在中国传统中通常表达什么？	What does ancestor remembrance commonly express in Chinese traditions?	对已故家人的尊敬、家庭连续性和责任。	Respect for deceased family members, family continuity, and obligation.	具体仪式因地区、宗教、家庭和个人选择而不同。	Specific rituals vary by region, religion, family, and personal choice.	culture	family_ritual	traditional	china	foundation	SEP_CONFUCIUS;LOC_CHINA_STUDY	2026-08-06	2026-08-06	qtype::significance
cult-filial-011	什么是“孝”？	What is filial piety?	尊重、照顾父母和长辈，并认真对待家庭责任。	Respecting and caring for parents and elders and taking family obligations seriously.	儒家传统把孝视为道德培养的重要起点，但不同历史时期对其内容有不同解释。	Confucian traditions treat filiality as a starting point for moral cultivation, though its meaning has varied historically.	culture	confucian_values	traditional	china	foundation	SEP_CONFUCIUS	2026-08-06	2026-08-06	qtype::identification
cult-confucian-012	儒家思想的核心关注之一是什么？	What is one central concern of Confucian thought?	通过个人修养、礼和关系责任建立有德的社会秩序。	Building a moral social order through self-cultivation, ritual, and relational duties.	儒家不是单一固定教条，而是历代不断解释和争论的思想传统。	Confucianism is not one fixed doctrine but a tradition repeatedly interpreted and debated across history.	culture	philosophy	traditional	china	foundation	SEP_CONFUCIUS	2026-08-06	2026-08-06	qtype::significance
cult-ren-013	儒家中的“仁”通常表示什么？	What does ren generally mean in Confucian thought?	对他人的人道关怀和有德的为人方式。	Humaneness toward others and a virtuous way of being a person.	仁常与礼、义、孝等德目一起讨论，而不是孤立的感情。	Ren is usually discussed with ritual, righteousness, filiality, and other virtues rather than as an isolated feeling.	culture	philosophy	traditional	china	intermediate	SEP_CONFUCIUS	2026-08-06	2026-08-06	qtype::identification
cult-li-014	儒家中的“礼”不只指礼貌，还包括什么？	Besides politeness, what does li include in Confucian thought?	仪式、社会规范和合宜的行为方式。	Ritual, social norms, and contextually appropriate conduct.	礼把个人情感、家庭关系和公共秩序连接起来。	Li links individual feeling, family relations, and public order.	culture	philosophy	traditional	china	intermediate	SEP_CONFUCIUS	2026-08-06	2026-08-06	qtype::significance
cult-daoism-015	道家思想通常强调什么？	What does Daoist thought commonly emphasize?	顺应“道”、自然、自发性和减少强制干预。	Following the Dao, naturalness, spontaneity, and reducing coercive intervention.	哲学道家与制度化道教有关联但不完全相同。	Philosophical Daoism and organized Daoist religion are related but not identical.	culture	philosophy	traditional	china	foundation	LOC_CHINA_STUDY;MET_CHINA_EARLY	2026-08-06	2026-08-06	qtype::qualification
cult-buddhism-016	佛教如何成为中国文化的重要组成部分？	How did Buddhism become an important part of Chinese culture?	通过翻译、寺院、朝圣和与本土思想的长期互动。	Through translation, monasteries, pilgrimage, and long interaction with indigenous traditions.	中国佛教形成了禅宗、净土等多种传统，并影响艺术、文学和慈善。	Chinese Buddhism developed traditions including Chan and Pure Land and influenced art, literature, and charity.	culture	religion	traditional	china	intermediate	LOC_CHINA_STUDY	2026-08-06	2026-08-06	qtype::cause
cult-three-017	“儒释道”通常指哪三种传统？	Which three traditions are meant by the phrase “Confucianism, Buddhism, and Daoism”?	儒家、佛教和道教。	Confucianism, Buddhism, and Daoism.	它们在中国历史中既竞争又互相影响，很多人的实践并不严格只属于一种。	They competed and influenced one another, and many people's practices did not belong exclusively to one tradition.	culture	religion	traditional	china	foundation	LOC_CHINA_STUDY	2026-08-06	2026-08-06	qtype::classification
cult-opera-018	中国戏曲与西方话剧最明显的形式差异之一是什么？	What is one clear formal difference between Chinese opera and Western spoken drama?	中国戏曲通常综合唱、念、做、打和程式化表演。	Chinese opera typically combines singing, speech, stylized movement, and martial performance.	“中国戏曲”包括许多地方剧种，并非只有一种固定形式。	“Chinese opera” includes many regional genres rather than one fixed form.	culture	performing_arts	traditional	china	foundation	UNESCO_ICH_CHINA	2026-08-06	2026-08-06	qtype::comparison
cult-pekingopera-019	京剧主要在什么城市文化环境中形成？	In which urban cultural setting did Peking opera chiefly develop?	北京。	Beijing.	清代多个地方声腔和表演传统在首都融合，形成京剧。	During Qing, performers and musical traditions from several regions blended in the capital to form Peking opera.	culture	performing_arts	qing	beijing	foundation	UNESCO_ICH_CHINA	2026-08-06	2026-08-06	qtype::location
cult-opera-020	京剧脸谱颜色能否简单理解为每个颜色只有一个固定意思？	Can each colour in Peking-opera face painting be reduced to one fixed meaning?	不能；颜色、图案和角色类型要结合具体剧目理解。	No; colours, patterns, and role types must be interpreted in the context of a particular play.	一些颜色有常见联想，但把它们当成完全统一的密码会过度简化。	Some colours have common associations, but treating them as a universal code oversimplifies the art.	culture	performing_arts	traditional	china	intermediate	UNESCO_ICH_CHINA	2026-08-06	2026-08-06	qtype::qualification
cult-calligraphy-021	为什么书法在中国被视为艺术？	Why is calligraphy regarded as an art in China?	笔画的结构、节奏、力度和个人风格能表达审美与情感。	The structure, rhythm, force, and personal style of brushwork convey aesthetics and emotion.	书法同时依赖文字意义和视觉形式，长期被视为文人修养的重要部分。	Calligraphy works through both textual meaning and visual form and long served as a major part of literati cultivation.	culture	visual_arts	traditional	china	foundation	MET_CALLIGRAPHY	2026-08-06	2026-08-06	qtype::significance
cult-script-022	楷书、行书和草书主要区别在哪里？	What chiefly distinguishes regular, running, and cursive scripts?	字形规范程度、连笔程度和书写速度不同。	They differ in formal regularity, connected strokes, and writing speed.	楷书较规整，行书较流动，草书高度简化并强调节奏。	Regular script is more formal, running script more fluid, and cursive script highly abbreviated and rhythmic.	culture	visual_arts	traditional	china	intermediate	MET_CALLIGRAPHY	2026-08-06	2026-08-06	qtype::comparison
cult-painting-023	中国传统文人画常强调什么？	What does traditional Chinese literati painting often emphasize?	个人修养、笔墨表达和诗书画之间的联系。	Personal cultivation, expressive brushwork, and links among poetry, calligraphy, and painting.	文人画不以逼真再现为唯一目标，作品也常题诗和钤印。	Literal realism is not its sole aim, and works often include poetic inscriptions and seals.	culture	visual_arts	traditional	china	intermediate	MET_PAINTING;MET_POETRY_PAINTING	2026-08-06	2026-08-06	qtype::significance
cult-landscape-024	山水画中的“山水”字面是什么意思？	What does shanshui literally mean in the term for landscape painting?	山和水。	Mountains and water.	山水画常通过自然景观探讨人与宇宙、隐逸和精神境界，而不只是记录具体地点。	Landscape painting often explores humanity and the cosmos, retreat, and states of mind rather than merely recording a place.	culture	visual_arts	traditional	china	foundation	MET_PAINTING	2026-08-06	2026-08-06	qtype::identification
cult-poetry-025	为什么唐诗在中国文化中地位突出？	Why does Tang poetry hold a prominent place in Chinese culture?	唐代诗歌形式成熟、题材丰富，并成为教育和文学记忆的核心。	Tang poetry reached highly developed forms, covered broad themes, and became central to education and literary memory.	李白、杜甫和王维等诗人的作品不断被诵读、引用和重新解释。	Poets such as Li Bai, Du Fu, and Wang Wei are continually read, quoted, and reinterpreted.	culture	literature	tang	china	foundation	MET_POETRY_PAINTING;LOC_CHINA_STUDY	2026-08-06	2026-08-06	qtype::significance
cult-fourclassics-026	中国“四大名著”通常指哪些小说？	Which novels are conventionally called China's Four Great Classical Novels?	《三国演义》《水浒传》《西游记》和《红楼梦》。	Romance of the Three Kingdoms, Water Margin, Journey to the West, and Dream of the Red Chamber.	这些作品形成于不同时期，持续影响戏剧、影视、成语和大众文化。	Written in different periods, they continue to shape theatre, film, idiom, and popular culture.	culture	literature	ming_qing	china	foundation	LOC_CHINA_STUDY	2026-08-06	2026-08-06	qtype::classification
cult-tea-027	茶文化在唐代有什么重要变化？	What important change occurred in tea culture during Tang?	饮茶从南方传统扩大为各阶层广泛的日常和社交活动。	Tea drinking expanded from southern traditions into a widespread daily and social practice across classes.	茶也进入诗歌、绘画、陶瓷、贸易和待客礼仪。	Tea also became embedded in poetry, painting, ceramics, trade, and hospitality.	culture	tea_culture	tang	china	foundation	SMITHSONIAN_TEA	2026-08-06	2026-08-06	qtype::significance
cult-tea-028	中国茶通常怎样按加工方式分类？	How are Chinese teas commonly classified by processing?	如绿茶、白茶、黄茶、乌龙茶、红茶和黑茶。	For example, green, white, yellow, oolong, black, and dark teas.	分类主要与萎凋、杀青、揉捻、氧化和后发酵等工艺有关。	The categories chiefly reflect processes such as withering, heat fixing, rolling, oxidation, and post-fermentation.	culture	tea_culture	traditional	china	intermediate	UNESCO_ICH_CHINA;SMITHSONIAN_TEA	2026-08-06	2026-08-06	qtype::classification
cult-cuisine-029	为什么中国菜不能被当作单一风味？	Why should Chinese cuisine not be treated as a single flavour tradition?	气候、物产、历史和地方口味形成了多种区域菜系。	Climate, ingredients, history, and local tastes produced many regional cuisines.	家庭菜、地方小吃和宴席传统的差异比一个统一标签更丰富。	Differences among home cooking, local snacks, and banquet traditions are richer than a single label suggests.	culture	cuisine	contemporary	china	foundation	LOC_CHINA_STUDY	2026-08-06	2026-08-06	qtype::qualification
cult-cuisine-030	川菜最常见的风味特点是什么？	What flavour characteristics are commonly associated with Sichuan cuisine?	复合味浓，常使用辣椒和花椒形成麻辣。	Bold, layered flavours, often using chilli and Sichuan pepper for mala heat and numbing sensation.	川菜不等于所有菜都极辣，也包括鱼香、怪味、咸鲜等多种味型。	Sichuan cuisine is not uniformly extremely hot and includes many flavour profiles beyond mala.	culture	cuisine	contemporary	sichuan	foundation	LOC_CHINA_STUDY	2026-08-06	2026-08-06	qtype::qualification
cult-cuisine-031	粤菜通常重视什么烹饪特点？	What cooking features are commonly emphasized in Cantonese cuisine?	食材新鲜、火候准确和较清晰的原味。	Fresh ingredients, precise control of heat, and relatively clear natural flavours.	蒸、烧、炒和点心传统都很重要，广东内部也有明显地域差异。	Steaming, roasting, stir-frying, and dim sum are important, and Guangdong itself contains marked regional variation.	culture	cuisine	contemporary	guangdong	foundation	LOC_CHINA_STUDY	2026-08-06	2026-08-06	qtype::classification
cult-cuisine-032	鲁菜在传统菜系中通常与哪个地区联系？	With which region is Shandong cuisine associated?	山东和中国北方沿海。	Shandong and the northern Chinese coast.	鲁菜重视汤、海产、咸鲜味和多种刀工火候，对北方官府菜也有影响。	It emphasizes stocks, seafood, savoury flavours, and technique and influenced northern official cuisine.	culture	cuisine	contemporary	shandong	intermediate	LOC_CHINA_STUDY	2026-08-06	2026-08-06	qtype::location
cult-cuisine-033	淮扬菜最常与哪一地区联系？	With which region is Huaiyang cuisine most closely associated?	江苏中部、淮河和扬州一带。	Central Jiangsu and the Huai–Yangzhou region.	它常强调细致刀工、清鲜口味和精雅呈现。	It is often associated with fine knife work, delicate flavours, and elegant presentation.	culture	cuisine	contemporary	jiangsu	intermediate	LOC_CHINA_STUDY	2026-08-06	2026-08-06	qtype::location
cult-chopsticks-034	使用筷子时最常见的一条礼仪提醒是什么？	What is one common etiquette reminder when using chopsticks?	不要把筷子直插在饭里。	Do not leave chopsticks standing upright in a bowl of rice.	这种摆法容易让人联想到祭祀用香，但餐桌习惯仍会因家庭和地区而异。	The arrangement can evoke incense offerings, although table customs still vary by family and region.	culture	etiquette	contemporary	china	foundation	LOC_CHINA_STUDY	2026-08-06	2026-08-06	qtype::direct
cult-dining-035	中式合餐的基本特点是什么？	What is the basic pattern of a shared Chinese meal?	多道菜放在桌上，由同桌人共同取食。	Several dishes are placed on the table for diners to share.	正式宴请、家庭饭和个人快餐并不完全相同，不能把合餐视为唯一形式。	Banquets, family meals, and individual fast meals differ, so shared dining is not the only form.	culture	etiquette	contemporary	china	foundation	LOC_CHINA_STUDY	2026-08-06	2026-08-06	qtype::qualification
cult-red-036	红色在许多中国节庆中通常象征什么？	What does red commonly symbolize in many Chinese celebrations?	喜庆、好运和活力。	Joy, good fortune, and vitality.	红色常见于春节、婚礼和礼物包装，但象征意义依场合而变化。	Red is common at New Year, weddings, and in gift wrapping, though symbolism depends on context.	culture	symbols	traditional	china	foundation	UNESCO_SPRING_FESTIVAL	2026-08-06	2026-08-06	qtype::identification
cult-white-037	白色在传统丧葬语境中常与什么相关？	With what is white often associated in traditional mourning contexts?	哀悼和丧礼。	Mourning and funerals.	现代服饰和设计中的白色当然也有普通或积极含义，不能脱离语境判断。	White also has ordinary or positive meanings in modern clothing and design, so context matters.	culture	symbols	traditional	china	foundation	LOC_CHINA_STUDY	2026-08-06	2026-08-06	qtype::qualification
cult-number-038	数字“八”为什么常被视为吉利？	Why is the number eight often considered lucky?	“八”的发音与“发”在一些汉语读音中相近，容易联想到发财。	Its pronunciation resembles fa, associated with prospering, in some Chinese speech.	这种联想很普遍，但个人是否重视数字吉凶并不相同。	The association is widespread, but individuals differ in how seriously they take number symbolism.	culture	symbols	contemporary	china	foundation	NPC_LANGUAGE	2026-08-06	2026-08-06	qtype::cause
cult-number-039	数字“四”为什么有时被避讳？	Why is the number four sometimes avoided?	“四”和“死”在普通话及一些方言中读音相近。	The words for “four” and “death” sound similar in Mandarin and some other varieties.	楼层编号和礼物数量可能受影响，但这种习惯并非人人遵守。	Floor numbering and gift quantities may be affected, but not everyone follows the custom.	culture	symbols	contemporary	china	foundation	NPC_LANGUAGE	2026-08-06	2026-08-06	qtype::cause
cult-dragon-040	龙在中国传统象征中通常代表什么？	What does the dragon commonly represent in Chinese tradition?	力量、吉祥、雨水和皇权等多重意义。	Power, auspiciousness, rain, and imperial authority, among other meanings.	中国龙的文化形象与欧洲传说中常见的恶龙并不相同。	The Chinese dragon differs culturally from the hostile dragon common in many European legends.	culture	symbols	traditional	china	foundation	UNESCO_ICH_CHINA	2026-08-06	2026-08-06	qtype::comparison
cult-zodiac-041	中国生肖由多少种动物组成？	How many animals make up the Chinese zodiac?	十二种。	Twelve.	生肖按十二年循环，与传统干支纪年和新年文化相联系。	The animals repeat in a twelve-year cycle connected with traditional calendrical systems and New Year culture.	culture	traditional_calendar	traditional_calendar	china	foundation	LOC_CHINA_STUDY	2026-08-06	2026-08-06	qtype::direct
cult-gift-042	送礼时为什么常重视包装和双手递送？	Why are presentation and offering with both hands often valued when giving a gift?	它们表达尊重和认真对待关系。	They express respect and care for the relationship.	具体礼仪随场合、年龄和亲疏关系而变化，不宜机械套用。	Exact etiquette varies by occasion, age, and closeness and should not be applied mechanically.	culture	etiquette	contemporary	china	foundation	LOC_CHINA_STUDY	2026-08-06	2026-08-06	qtype::qualification
cult-face-043	“面子”在社会交往中大致指什么？	What does mianzi broadly mean in social interaction?	个人在他人眼中的尊严、声誉和社会评价。	A person's dignity, reputation, and social standing in the eyes of others.	公开批评、互相给面子和关系维护都可能受此影响，但不能用它解释所有行为。	Public criticism, reciprocal respect, and relationship maintenance may be affected, but the concept cannot explain all behaviour.	culture	social_concepts	contemporary	china	intermediate	LOC_CHINA_STUDY	2026-08-06	2026-08-06	qtype::qualification
cult-guanxi-044	“关系”在中文社会语境中通常不只是指什么？	In Chinese social contexts, what does guanxi mean beyond a simple “relationship”?	它还可指长期互信、义务和互惠形成的人际网络。	It can also mean interpersonal networks built through long-term trust, obligation, and reciprocity.	关系可能帮助合作，也可能引发偏袒或利益冲突，因此需要具体分析。	Guanxi can facilitate cooperation but can also create favouritism or conflicts of interest, so context matters.	culture	social_concepts	contemporary	china	intermediate	LOC_CHINA_STUDY	2026-08-06	2026-08-06	qtype::significance
cult-diversity-045	描述中国习俗时最重要的方法提醒是什么？	What is the most important methodological caution when describing Chinese customs?	避免把地区或家庭习惯说成所有中国人都一致遵守。	Avoid presenting a regional or family practice as something all Chinese people follow uniformly.	中国地域广、人口多，习俗会随地方、民族、代际、宗教和城市化程度而变化。	China is vast and populous, and customs vary by locality, ethnicity, generation, religion, and degree of urbanization.	culture	cultural_diversity	contemporary	china	foundation	UNESCO_ICH_CHINA;NBS_CENSUS_2020	2026-08-06	2026-08-06	qtype::qualification
lang-standard-001	“普通话”是什么？	What is Putonghua?	中国的国家通用语言。	China's standard spoken language.	普通话以北京语音为标准音，以北方话为基础方言，并以典范的现代白话文著作为语法规范。	Putonghua uses Beijing pronunciation as its standard, Northern Mandarin as its dialectal base, and exemplary modern vernacular writing as its grammatical norm.	language	standard_language	contemporary	china	foundation	NPC_LANGUAGE;MOE_LANGUAGE_2026	2026-08-06	2026-08-06	qtype::definition
lang-standard-002	普通话的标准音以哪里的语音为基础？	Which pronunciation forms the basis of standard Putonghua?	北京语音。	Beijing pronunciation.	这说明普通话有明确的语音规范，但不表示北京所有地方口音都等同于标准普通话。	This gives Putonghua a defined pronunciation standard, but it does not mean every local Beijing accent is identical to standard Putonghua.	language	standard_language	contemporary	beijing	foundation	NPC_LANGUAGE	2026-08-06	2026-08-06	qtype::direct
lang-varieties-003	为什么把汉语的所有地方变体简单称为英语意义上的“方言”可能产生误解？	Why can calling all Chinese varieties “dialects” in the English sense be misleading?	因为有些变体在口语上不能互相听懂。	Because some varieties are not mutually intelligible in speech.	“方言”是中国常用的传统分类词，但汉语内部的语音、词汇和语法差异有时很大。	Fangyan is the traditional Chinese classification, but differences in sound, vocabulary, and grammar can be substantial.	language	language_varieties	contemporary	china	intermediate	LOC_CHINA_STUDY	2026-08-06	2026-08-06	qtype::qualification
lang-varieties-004	汉语中使用人数最多的方言群是什么？	Which Chinese language group has the largest number of speakers?	官话，也叫北方话或普通话所属的汉语群。	Mandarin, also called the Northern group to which Putonghua belongs.	官话内部也有明显地区差异，标准普通话只是其中经过规范化的共同语。	Mandarin itself has major regional differences; standard Putonghua is a codified common language within that broader group.	language	language_varieties	contemporary	china	foundation	LOC_CHINA_STUDY	2026-08-06	2026-08-06	qtype::direct
lang-varieties-005	粤语主要和中国哪些地区联系在一起？	With which regions of China is Cantonese chiefly associated?	广东、广西部分地区以及香港、澳门。	Guangdong, parts of Guangxi, Hong Kong, and Macao.	粤语属于汉语的一大方言群，在海外华人社区也有长期影响。	Cantonese is a major Chinese variety and has also had a long influence in overseas Chinese communities.	language	language_varieties	contemporary	south_china	foundation	LOC_CHINA_STUDY	2026-08-06	2026-08-06	qtype::region
lang-varieties-006	吴语常与哪座大城市及其周边地区联系在一起？	Which major city and surrounding region are commonly associated with Wu Chinese?	上海以及江苏南部、浙江一带。	Shanghai and parts of southern Jiangsu and Zhejiang.	上海话是吴语中最知名的城市变体之一，但吴语内部同样具有多样性。	Shanghainese is one of the best-known urban Wu varieties, but Wu itself is internally diverse.	language	language_varieties	contemporary	east_china	foundation	LOC_CHINA_STUDY	2026-08-06	2026-08-06	qtype::region
lang-varieties-007	闽语主要起源于哪个沿海省份？	In which coastal province did Min Chinese chiefly originate?	福建省。	Fujian Province.	闽语包括多个差异明显的分支，并随着移民传播到台湾和东南亚等地。	Min includes several substantially different branches and spread with migration to Taiwan and Southeast Asia.	language	language_varieties	contemporary	fujian	foundation	LOC_CHINA_STUDY	2026-08-06	2026-08-06	qtype::region
lang-varieties-008	“客家话”中的“客家”反映了什么历史特点？	What historical feature is reflected in the name Hakka?	它与多次迁移形成的客家群体有关。	It is associated with Hakka communities shaped by repeated migration.	客家话分布在广东、福建、江西等地，也随迁移传播到海外。	Hakka is spoken in parts of Guangdong, Fujian, Jiangxi, and elsewhere, and also spread overseas through migration.	language	language_varieties	contemporary	south_china	intermediate	LOC_CHINA_STUDY	2026-08-06	2026-08-06	qtype::significance
lang-writing-009	不同汉语变体的使用者为什么常能共享书面文本？	Why can speakers of different Chinese varieties often share written texts?	因为现代标准书面汉语提供了共同的书写规范。	Because modern standard written Chinese provides a shared written norm.	共同书写不等于所有人的口语相同；同一个汉字词在不同变体中可以有不同读音。	Shared writing does not make everyone’s speech the same; the same written word may be pronounced differently across varieties.	language	writing_system	contemporary	china	foundation	NPC_LANGUAGE;LOC_CHINA_STUDY	2026-08-06	2026-08-06	qtype::why
lang-script-010	简体字和繁体字最主要的区别是什么？	What is the principal difference between simplified and traditional Chinese characters?	部分汉字的标准字形不同。	The standard written forms of some characters differ.	两套字形记录的语言高度相关；“简体”和“繁体”主要指字形体系，而不是两种独立语言。	The two scripts encode closely related language; “simplified” and “traditional” primarily describe character forms, not separate languages.	language	writing_system	contemporary	china	foundation	NPC_LANGUAGE;LOC_CHINA_STUDY	2026-08-06	2026-08-06	qtype::comparison
lang-script-011	中国大陆公共生活中通常使用哪套汉字规范？	Which character standard is normally used in public life in mainland China?	规范简化字。	Standardized simplified characters.	国家通用语言文字制度规范普通话和规范汉字在教育、公共服务等领域的使用。	The national common-language system standardizes Putonghua and standard characters in education, public services, and other fields.	language	writing_system	contemporary	mainland_china	foundation	NPC_LANGUAGE;MOE_LANGUAGE_2026	2026-08-06	2026-08-06	qtype::direct
lang-script-012	繁体字今天在哪些中国地区仍是主要书写形式？	In which Chinese regions are traditional characters still the principal written form today?	香港、澳门和台湾。	Hong Kong, Macao, and Taiwan.	具体用字规范并不完全相同，因此“繁体字”也包含地区差异。	Exact character standards differ, so “traditional characters” also encompass regional variation.	language	writing_system	contemporary	greater_china	foundation	LOC_CHINA_STUDY	2026-08-06	2026-08-06	qtype::region
lang-pinyin-013	汉语拼音的主要作用是什么？	What is the main purpose of Hanyu Pinyin?	用拉丁字母标注普通话读音。	To represent Putonghua pronunciation with the Latin alphabet.	拼音用于识字教育、词典排序和输入法等，但通常不取代汉字作为主要书写系统。	Pinyin is used in literacy teaching, dictionary ordering, and input methods, but it normally does not replace characters as the main script.	language	pinyin	contemporary	china	foundation	NPC_LANGUAGE;MOE_LANGUAGE_2026	2026-08-06	2026-08-06	qtype::function
lang-pinyin-014	拼音中的声调符号为什么重要？	Why are tone marks important in Pinyin?	因为声调可以区别词义。	Because tone can distinguish meaning.	相同的声母和韵母配上不同声调，可能对应不同的字和词。	The same initial and final with different tones may correspond to different characters and words.	language	phonology	contemporary	china	foundation	NPC_LANGUAGE	2026-08-06	2026-08-06	qtype::why
lang-pinyin-015	普通话通常怎样计算声调？	How are tones conventionally counted in Putonghua?	四个主要声调，另有轻声。	Four main tones, plus a neutral tone.	实际语流中还会出现变调，因此词典标音和连续说话的表面声调不总是完全一样。	Tone sandhi also occurs in connected speech, so dictionary tones and surface tones in a phrase are not always identical.	language	phonology	contemporary	china	foundation	NPC_LANGUAGE	2026-08-06	2026-08-06	qtype::count
lang-characters-016	一个汉字通常与语言中的什么单位相联系？	What linguistic unit does one Chinese character usually correspond to?	一个音节和一个语素。	A syllable and a morpheme.	这只是常见规律：有些语素要和别的字组合成词，同一个字也可能有不同读音或意义。	This is a general pattern: some morphemes form words only in combination, and one character may have multiple readings or meanings.	language	characters	contemporary	china	intermediate	LOC_CHINA_STUDY	2026-08-06	2026-08-06	qtype::definition
lang-characters-017	汉字中的“部首”常用于什么？	What are radicals in Chinese characters commonly used for?	组织和检索汉字。	To organize and look up characters.	部首常提供意义类别的线索，但它不一定等于整个字的完整意义。	A radical often hints at a semantic category, but it does not necessarily give the character’s full meaning.	language	characters	traditional	china	foundation	MET_CALLIGRAPHY	2026-08-06	2026-08-06	qtype::function
lang-characters-018	形声字通常由哪两类线索组成？	What two kinds of clues typically make up a phonetic-semantic character?	意义线索和读音线索。	A meaning clue and a sound clue.	形旁大致提示意义领域，声旁大致提示读音；历史语音变化会使声旁线索不完全准确。	The semantic component suggests a meaning field and the phonetic component suggests sound; historical sound change can make the clue imperfect.	language	characters	traditional	china	intermediate	MET_CALLIGRAPHY	2026-08-06	2026-08-06	qtype::structure
lang-characters-019	象形字是否构成现代常用汉字的大多数？	Do pictographic characters make up most commonly used Chinese characters today?	不是。	No.	象形是最容易看出的造字方式之一，但大量汉字属于形声结构或其他类型。	Pictography is one of the most visually recognizable principles, but many characters are phonetic-semantic compounds or other types.	language	characters	traditional	china	foundation	MET_CALLIGRAPHY	2026-08-06	2026-08-06	qtype::misconception
lang-register-020	文言文和现代白话文的主要差别是什么？	What is the principal difference between Classical Chinese and modern vernacular Chinese?	文言文依照古代书面传统，白话文更接近现代口语语法和词汇。	Classical Chinese follows older literary conventions, while the vernacular is closer to modern spoken grammar and vocabulary.	二十世纪以来，白话文成为现代教育和出版的主要书面形式，但文言传统仍影响成语、文学和正式表达。	Since the twentieth century, the vernacular has dominated education and publishing, while Classical Chinese still influences idioms, literature, and formal expression.	language	register	modern	china	intermediate	LOC_CHINA_STUDY	2026-08-06	2026-08-06	qtype::comparison
lang-register-021	“白话文运动”推动了什么变化？	What change did the vernacular-language movement promote?	推动白话文代替文言文成为现代公共写作的主要形式。	It promoted vernacular Chinese over Classical Chinese as the main form of modern public writing.	这一变化与二十世纪初的教育、文学和社会改革相联系，也扩大了现代读写教育的基础。	The change was tied to early twentieth-century educational, literary, and social reform and broadened the basis of modern literacy.	language	register	modern	china	intermediate	LOC_CHINA_STUDY	2026-08-06	2026-08-06	qtype::change
lang-grammar-022	汉语量词为什么常出现在数词和名词之间？	Why do measure words commonly appear between numerals and nouns in Chinese?	它们把所数的事物按语法或意义类别连接起来。	They link the counted item through a grammatical or semantic classifier.	例如“一本书”的“本”是量词；不同名词可能选择不同量词，也有通用量词“个”。	In yi ben shu, ben is the classifier for a bound volume; nouns may select different classifiers, while ge is broadly general.	language	grammar	contemporary	china	foundation	LOC_CHINA_STUDY	2026-08-06	2026-08-06	qtype::why
lang-names-023	现代汉语人名通常把姓放在什么位置？	Where is the family name normally placed in a modern Chinese personal name?	名字前面。	Before the given name.	例如“王小明”中“王”通常是姓，“小明”是名；跨语言使用时有些人会采用不同顺序。	In Wang Xiaoming, Wang is normally the surname and Xiaoming the given name; some people use a different order across languages.	language	personal_names	contemporary	china	foundation	LOC_CHINA_STUDY	2026-08-06	2026-08-06	qtype::order
lang-loanwords-024	现代汉语怎样处理许多外国专名？	How does modern Chinese handle many foreign proper names?	用汉字按读音音译，有时也结合意义翻译。	By phonetic transcription in characters, sometimes combined with translation by meaning.	例如国家名、人名和品牌名会在音近、字义和使用习惯之间作选择，因此不同名称的处理方式并不统一。	Country, personal, and brand names balance sound, character meaning, and convention, so there is no single method for every name.	language	loanwords	contemporary	china	intermediate	MOE_LANGUAGE_2026	2026-08-06	2026-08-06	qtype::process
lang-writing-025	汉字为什么能在读音不同的汉语社区之间发挥共同书写作用？	Why can Chinese characters provide a shared written medium across communities with different pronunciations?	因为字形主要记录词素和意义单位，而不是只记录一种地方读音。	Because the script primarily records morphemes and units of meaning rather than only one local pronunciation.	这种共同性有助于跨地区阅读，但不能消除词汇、语法、语体和识字传统上的差别。	This commonality supports cross-regional reading, but it does not erase differences in vocabulary, grammar, register, or literacy tradition.	language	writing_system	contemporary	china	advanced	NPC_LANGUAGE;LOC_CHINA_STUDY	2026-08-06	2026-08-06	qtype::why
sci-paper-001	造纸术在中国技术史上的重要性是什么？	Why is papermaking important in the history of Chinese technology?	它使适合书写的材料更轻便、更容易大量生产。	It made writing material lighter and easier to produce in quantity.	东汉时期蔡伦与造纸改进密切相关，但纸的早期发展是一个长期过程，不能说由一个人在一天内突然发明。	Cai Lun is closely associated with improvements under the Eastern Han, but early paper developed over time and was not suddenly invented by one person on one day.	science_technology_environment	ancient_technology	han	china	foundation	LOC_CHINA_STUDY;MET_CHINA_EARLY	2026-08-06	2026-08-06	qtype::significance
sci-printing-002	雕版印刷怎样改变了中国的文字传播？	How did woodblock printing change the circulation of texts in China?	它能从刻好的整版重复印出许多副本。	It enabled many copies to be printed repeatedly from a carved block.	唐宋时期印刷推动了佛经、经典、历书和其他文本的传播，也支持了规模更大的出版文化。	During the Tang and Song periods, printing spread Buddhist texts, classics, calendars, and other works and supported a larger publishing culture.	science_technology_environment	ancient_technology	tang_song	china	foundation	MET_CHINA_MEDIEVAL;LOC_CHINA_STUDY	2026-08-06	2026-08-06	qtype::change
sci-printing-003	北宋毕昇与哪项印刷创新有关？	With which printing innovation is Bi Sheng associated?	活字印刷。	Movable-type printing.	活字可以重新排列使用，但在拥有大量汉字的书写体系中，制作、分类和排版也很复杂；雕版印刷仍长期存在。	Movable type could be rearranged, but producing, sorting, and setting many Chinese characters was complex, so woodblock printing remained important.	science_technology_environment	ancient_technology	song	china	intermediate	MET_CHINA_MEDIEVAL;LOC_CHINA_STUDY	2026-08-06	2026-08-06	qtype::association
sci-gunpowder-004	火药最早在中国的发展与哪类实验有关？	What kind of experiments were linked to the early development of gunpowder in China?	炼丹和化学材料实验。	Alchemy and experiments with chemical materials.	火药后来用于烟火、信号和武器；其用途与配方在多个世纪中逐步发展。	Gunpowder was later used for fireworks, signalling, and weapons; its formulas and uses developed across centuries.	science_technology_environment	ancient_technology	tang_song	china	foundation	LOC_CHINA_STUDY;MET_CHINA_MEDIEVAL	2026-08-06	2026-08-06	qtype::origin
sci-compass-005	磁罗盘对中国和世界航海史有什么作用？	What role did the magnetic compass play in Chinese and world maritime history?	它帮助人们在看不清地标或星空时判断方向。	It helped navigators determine direction when landmarks or stars were unclear.	中国较早记录了磁性指向知识和航海罗盘的使用，相关知识后来跨地区传播并继续发展。	China recorded magnetic direction-finding and maritime compass use early; related knowledge later circulated and developed across regions.	science_technology_environment	ancient_technology	song	china	foundation	LOC_CHINA_STUDY;MET_CHINA_MEDIEVAL	2026-08-06	2026-08-06	qtype::function
sci-inventions-006	谈论中国古代“四大发明”时应避免什么过度简化？	What oversimplification should be avoided when discussing China’s “Four Great Inventions”?	不要把长期、多人和跨地区的发展讲成四个孤立的瞬间。	Do not turn long, collective, and cross-regional developments into four isolated moments.	造纸、印刷、火药和罗盘是重要概括，但每项技术都有多阶段发展、不同用途和后来的跨文化交流。	Papermaking, printing, gunpowder, and the compass are useful headings, but each had multiple stages, uses, and later cross-cultural exchange.	science_technology_environment	history_of_science	imperial	china	advanced	LOC_CHINA_STUDY;MET_CHINA_MEDIEVAL	2026-08-06	2026-08-06	qtype::qualification
sci-space-007	中国国家航天局的英文缩写是什么？	What is the English abbreviation for the China National Space Administration?	CNSA。	CNSA.	中国航天还包括载人航天等多个组织体系，因此CNSA并不是所有航天活动的唯一机构。	China’s space sector also includes separate systems for human spaceflight and other activities, so CNSA is not the sole organization behind every mission.	science_technology_environment	space_program	contemporary	china	foundation	CNSA_SPACE_2021	2026-08-06	2026-08-06	qtype::abbreviation
sci-space-008	“嫦娥”系列任务主要探索哪个天体？	Which celestial body is the main target of the Chang’e mission series?	月球。	The Moon.	这一系列以中国神话中的月亮人物嫦娥命名，包括环绕、着陆、巡视和采样返回任务。	Named for the lunar figure Chang’e in Chinese mythology, the series includes orbiting, landing, roving, and sample-return missions.	science_technology_environment	space_program	contemporary	moon	foundation	CNSA_SPACE_2021	2026-08-06	2026-08-06	qtype::direct
sci-space-009	嫦娥4号任务创造了哪项月球探测纪录？	What lunar-exploration first was achieved by Chang’e 4?	首次在月球背面实现软着陆。	The first soft landing on the far side of the Moon.	月球背面不能与地球直接无线电通信，因此任务使用了中继卫星支持通信。	The lunar far side lacks direct radio line-of-sight to Earth, so the mission used a relay satellite for communications.	science_technology_environment	space_program	contemporary	moon	intermediate	CNSA_SPACE_2021	2026-08-06	2026-08-06	qtype::first
sci-space-010	嫦娥5号在2020年完成了什么任务？	What did Chang’e 5 accomplish in 2020?	从月球取样并把样品送回地球。	It collected lunar samples and returned them to Earth.	这是中国首次地外天体采样返回任务，为实验室研究提供了新的月球材料。	It was China’s first sample-return mission from an extraterrestrial body and supplied new lunar material for laboratory study.	science_technology_environment	space_program	contemporary	moon	foundation	CNSA_SPACE_2021	2026-08-06	2026-08-06	qtype::mission as_of::2020
sci-space-011	“天问1号”主要探测哪个行星？	Which planet was the primary target of Tianwen 1?	火星。	Mars.	任务包括环绕器、着陆器和祝融号火星车，使中国完成了首次独立火星探测任务。	The mission included an orbiter, lander, and Zhurong rover, completing China’s first independent Mars exploration mission.	science_technology_environment	space_program	contemporary	mars	foundation	CNSA_SPACE_2021	2026-08-06	2026-08-06	qtype::direct
sci-space-012	“天宫”在当代中国航天中指什么？	What does Tiangong refer to in contemporary Chinese spaceflight?	中国在近地轨道建设的空间站。	China’s space station in low Earth orbit.	它由核心舱和实验舱等部分组成，支持航天员驻留和在轨科学实验。	It consists of a core module and laboratory modules and supports crewed stays and scientific experiments in orbit.	science_technology_environment	space_program	contemporary	low_earth_orbit	foundation	CNSA_SPACE_2021	2026-08-06	2026-08-06	qtype::definition
sci-space-013	北斗卫星导航系统提供哪些基本服务？	What basic services does the BeiDou Navigation Satellite System provide?	定位、导航和授时。	Positioning, navigation, and timing.	北斗是中国建设的全球卫星导航系统，也提供短报文通信等特色服务。	BeiDou is a global satellite-navigation system built by China and also offers distinctive services such as short-message communication.	science_technology_environment	satellite_navigation	contemporary	global	foundation	BEIDOU_SYSTEM	2026-08-06	2026-08-06	qtype::function
sci-space-014	“神舟”系列飞船的主要用途是什么？	What is the main purpose of the Shenzhou spacecraft series?	执行中国载人航天任务。	To carry out China’s human-spaceflight missions.	神舟飞船把航天员送入轨道，并在天宫空间站任务中承担人员往返功能。	Shenzhou spacecraft carry astronauts to orbit and provide crew transport for Tiangong space-station missions.	science_technology_environment	space_program	contemporary	low_earth_orbit	foundation	CNSA_SPACE_2021	2026-08-06	2026-08-06	qtype::function
sci-hsr-015	中国高速铁路建设的一个主要社会经济作用是什么？	What is one major socioeconomic effect of China’s high-speed rail construction?	缩短大城市和地区之间的旅行时间。	It reduces travel time between major cities and regions.	更快、更可靠的铁路连接可扩大就业和商业联系，但收益取决于线路需求、接驳和地方发展条件。	Faster, more reliable rail can widen employment and business links, but benefits depend on demand, feeder connections, and local development conditions.	science_technology_environment	infrastructure	contemporary	china	foundation	WB_HSR	2026-08-06	2026-08-06	qtype::significance
sci-hsr-016	高速铁路为什么可能改变沿线城市的经济地理？	Why can high-speed rail change the economic geography of cities along a route?	它改变了人员、企业和服务可到达彼此的时间成本。	It changes the time cost for people, firms, and services to reach one another.	可达性提高可能带来旅游、投资和劳动力流动，但效益不会自动平均分配给每个城市。	Improved accessibility may support tourism, investment, and labour mobility, but benefits are not automatically distributed equally among cities.	science_technology_environment	infrastructure	contemporary	china	intermediate	WB_HSR	2026-08-06	2026-08-06	qtype::why
sci-hsr-017	评估高速铁路项目时，除了最高速度还应考虑什么？	Besides top speed, what should be considered when evaluating a high-speed rail project?	客流需求、建设与运营成本、接驳、票价和区域效益。	Demand, construction and operating costs, connections, fares, and regional benefits.	交通基础设施的价值来自整个网络和长期使用，而不是单独一项技术指标。	The value of transport infrastructure comes from the whole network and long-term use, not one technical metric alone.	science_technology_environment	infrastructure	contemporary	china	advanced	WB_HSR	2026-08-06	2026-08-06	qtype::evaluation
sci-dam-018	三峡工程位于哪条河流上？	On which river is the Three Gorges Project located?	长江。	The Yangtze River.	工程具有发电、防洪和航运功能，同时也带来移民、生态和泥沙管理等长期问题。	The project serves power generation, flood control, and navigation, while also creating long-term resettlement, ecological, and sediment-management issues.	science_technology_environment	infrastructure	contemporary	yangtze	foundation	MEE_GEOGRAPHY;WB_WATER	2026-08-06	2026-08-06	qtype::location
sci-water-019	南水北调工程试图缓解什么地理问题？	What geographic problem is the South–North Water Transfer Project intended to ease?	中国北方水资源相对短缺，而南方部分流域水量较多。	Northern China is relatively water-scarce while parts of the south have more water.	工程通过多条线路跨流域调水，但不能代替节水、污染治理和地下水管理。	The project transfers water between basins along several routes, but it cannot substitute for conservation, pollution control, and groundwater management.	science_technology_environment	water_infrastructure	contemporary	china	intermediate	WB_WATER;MEE_GEOGRAPHY	2026-08-06	2026-08-06	qtype::purpose
sci-urban-020	快速城市化为什么要求城市基础设施同步扩张？	Why does rapid urbanization require urban infrastructure to expand at the same time?	新增城市人口需要住房、交通、供水、卫生、能源和公共服务。	Additional urban residents need housing, transport, water, sanitation, energy, and public services.	如果土地、财政和服务规划不同步，城市增长可能加剧拥堵、污染和社会不平等。	If land, finance, and service planning fall out of step, urban growth can worsen congestion, pollution, and inequality.	science_technology_environment	urban_infrastructure	contemporary	china	foundation	WB_URBAN	2026-08-06	2026-08-06	qtype::why
sci-ports-021	沿海港口和物流网络怎样支持中国制造业？	How do coastal ports and logistics networks support Chinese manufacturing?	它们把进口原料、国内供应链和出口市场连接起来。	They connect imported inputs, domestic supply chains, and export markets.	港口效率只是制造竞争力的一部分，企业集群、铁路公路、海关和市场需求也很重要。	Port efficiency is only part of manufacturing competitiveness; industrial clusters, inland transport, customs, and demand also matter.	science_technology_environment	infrastructure	contemporary	coastal_china	intermediate	WB_CHINA_OVERVIEW;WTO_CHINA	2026-08-06	2026-08-06	qtype::function
sci-grid-022	远距离特高压输电对中国能源系统有什么作用？	What role does long-distance ultra-high-voltage transmission play in China’s energy system?	把西部和北部能源基地的电力送往主要用电地区。	It carries electricity from western and northern energy bases to major demand centres.	远距离电网有助于整合煤电、水电、风电和太阳能，但也需要复杂的调度和地方电网投资。	Long-distance grids help integrate coal, hydro, wind, and solar power but require complex dispatch and investment in local networks.	science_technology_environment	power_grid	contemporary	china	advanced	IEA_CHINA_ENERGY	2026-08-06	2026-08-06	qtype::function
sci-solar-023	中国在全球太阳能光伏产业链中扮演什么角色？	What role does China play in the global solar photovoltaic supply chain?	它是主要制造中心，覆盖多种关键生产环节。	It is a major manufacturing centre across several key production stages.	规模化生产帮助降低全球光伏成本，但供应集中也引发贸易、产业安全和多元化讨论。	Large-scale production helped lower global PV costs, while concentrated supply also prompts debate about trade, industrial security, and diversification.	science_technology_environment	clean_technology	contemporary	china	intermediate	IEA_SOLAR	2026-08-06	2026-08-06	qtype::significance
sci-solar-024	为什么太阳能装机容量不能直接等同于实际发电量？	Why is installed solar capacity not the same as actual electricity generation?	因为发电量还受日照、设备利用率、限电和电网条件影响。	Because output also depends on sunlight, utilization, curtailment, and grid conditions.	容量以设备额定功率衡量，发电量则是在一段时间内真正生产的电能。	Capacity measures rated equipment power, whereas generation is the electricity actually produced over time.	science_technology_environment	energy_literacy	contemporary	china	intermediate	IEA_SOLAR;IEA_CHINA_ENERGY	2026-08-06	2026-08-06	qtype::comparison
sci-wind-025	中国大型风电和太阳能基地为什么常建在北部和西部？	Why are many of China’s large wind and solar bases built in the north and west?	那里有较好的风能、日照和可用土地资源。	Those regions have strong wind, sunlight, and available land resources.	主要用电中心多在东部，因此跨地区输电、储能和灵活电源对消纳这些电力很重要。	Many demand centres are in the east, making interregional transmission, storage, and flexible generation important for using the power.	science_technology_environment	clean_energy	contemporary	western_china	intermediate	IEA_CHINA_ENERGY	2026-08-06	2026-08-06	qtype::why
sci-ev-026	中国为什么是全球电动汽车转型中的关键市场？	Why is China a pivotal market in the global transition to electric vehicles?	它拥有巨大的国内销量、制造能力和电池供应链。	It combines very large domestic sales, manufacturing capacity, and battery supply chains.	政策支持、城市市场、充电网络和企业竞争共同推动增长；市场结果也会随补贴、价格和贸易政策变化。	Policy support, urban markets, charging networks, and company competition drive growth; outcomes also change with subsidies, prices, and trade policy.	science_technology_environment	electric_vehicles	contemporary	china	intermediate	IEA_EV_2026	2026-08-06	2026-08-06	qtype::why as_of::2026
sci-battery-027	锂离子电池产业为什么与电动汽车和可再生能源都有关？	Why is the lithium-ion battery industry relevant to both electric vehicles and renewable energy?	电池既能驱动车辆，也能储存电网电能。	Batteries can both power vehicles and store electricity for the grid.	车辆电池强调能量密度和安全，电网储能更重视循环寿命、成本和系统服务，需求并不完全相同。	Vehicle batteries emphasize energy density and safety, while grid storage values cycle life, cost, and system services; their needs are not identical.	science_technology_environment	energy_storage	contemporary	china	intermediate	IEA_EV_2026;IEA_CHINA_ENERGY	2026-08-06	2026-08-06	qtype::connection
sci-minerals-028	中国在稀土供应链中的优势主要不只来自采矿，还来自什么？	Beyond mining, what is a major source of China’s strength in rare-earth supply chains?	分离、加工和磁体制造能力。	Separation, processing, and magnet manufacturing capacity.	稀土并不是地壳中极端稀少的一组元素，难点常在经济可采矿床、复杂加工和环境成本。	Rare earths are not exceptionally scarce in the crust; challenges often lie in economic deposits, complex processing, and environmental costs.	science_technology_environment	critical_minerals	contemporary	china	advanced	USGS_CHINA_MINERALS_2026	2026-08-06	2026-08-06	qtype::significance as_of::2026
sci-minerals-029	为什么“一个国家拥有某种矿产储量”不等于它能立即供应大量精炼产品？	Why does having reserves of a mineral not mean a country can immediately supply large amounts of refined product?	开采、选矿、冶炼、加工、技术和许可都是独立环节。	Mining, concentration, refining, processing, technology, and permitting are separate stages.	关键矿产供应链要看矿石质量、成本、基础设施、环境规则和加工能力，而不只看地下储量。	Critical-mineral supply chains depend on ore quality, cost, infrastructure, environmental rules, and processing capacity, not reserves alone.	science_technology_environment	critical_minerals	contemporary	china	advanced	USGS_CHINA_MINERALS_2026	2026-08-06	2026-08-06	qtype::qualification as_of::2026
sci-telecom-030	移动通信网络怎样支持中国的数字经济？	How do mobile communications networks support China’s digital economy?	它们为移动支付、电商、云服务和联网设备提供数据连接。	They provide data connectivity for mobile payments, e-commerce, cloud services, and connected devices.	网络覆盖本身不保证所有人同等受益；设备成本、数字技能、竞争和数据治理也会影响结果。	Network coverage alone does not guarantee equal benefits; device cost, digital skills, competition, and data governance also shape outcomes.	science_technology_environment	digital_infrastructure	contemporary	china	foundation	NBS_YEARBOOK_2025;WB_CHINA_OVERVIEW	2026-08-06	2026-08-06	qtype::function as_of::2025
sci-digital-031	移动支付在中国城市日常生活中为何发展迅速？	Why did mobile payment grow rapidly in everyday urban life in China?	智能手机、电商平台、二维码和广泛的商户接受度相互加强。	Smartphones, e-commerce platforms, QR codes, and broad merchant acceptance reinforced one another.	现金和银行卡并未因此完全消失，数字服务还涉及老年人可及性、隐私和平台规则。	Cash and bank cards did not disappear completely, and digital services raise issues of access for older people, privacy, and platform rules.	science_technology_environment	digital_economy	contemporary	urban_china	foundation	NBS_YEARBOOK_2025;WB_URBAN	2026-08-06	2026-08-06	qtype::why as_of::2025
sci-automation-032	工业机器人在中国制造业中主要用来做什么？	What are industrial robots mainly used for in Chinese manufacturing?	执行重复、精密、快速或危险的生产任务。	To perform repetitive, precise, fast, or hazardous production tasks.	自动化可以提高生产率和质量，也会改变技能需求、岗位结构和企业投资成本。	Automation can raise productivity and quality while changing skill needs, job structures, and firms’ investment costs.	science_technology_environment	advanced_manufacturing	contemporary	china	foundation	NBS_YEARBOOK_2025	2026-08-06	2026-08-06	qtype::function as_of::2025
sci-semiconductor-033	为什么半导体供应链很难由一个国家完全独立完成？	Why is it difficult for one country to complete the entire semiconductor supply chain independently?	芯片设计、软件、设备、材料、制造、封装和人才高度专业化并跨国连接。	Chip design, software, equipment, materials, fabrication, packaging, and talent are highly specialized and internationally linked.	中国在扩大国内能力，但不同环节的水平并不相同，出口管制和全球企业关系也会影响发展。	China is expanding domestic capacity, but capabilities differ by segment, while export controls and global corporate links also shape development.	science_technology_environment	semiconductors	contemporary	china	advanced	NBS_YEARBOOK_2025;WTO_CHINA	2026-08-06	2026-08-06	qtype::why as_of::2025
sci-energy-034	煤炭为什么仍是理解中国能源系统的关键？	Why is coal still essential to understanding China’s energy system?	它长期提供大量电力、工业热能和能源安全支撑。	It has long supplied a large share of electricity, industrial heat, and energy-security support.	可再生能源快速增长，但庞大的用能规模、工业结构和电网可靠性要求使煤炭退出成为渐进且复杂的过程。	Renewables are growing rapidly, but enormous demand, industrial structure, and grid-reliability needs make coal’s decline gradual and complex.	science_technology_environment	energy_transition	contemporary	china	intermediate	IEA_CHINA_ENERGY	2026-08-06	2026-08-06	qtype::why as_of::2026
sci-carbon-035	中国公布的长期气候目标中的两个关键年份是什么？	What are the two key years in China’s announced long-term climate goals?	争取2030年前碳达峰、2060年前碳中和。	To peak carbon emissions before 2030 and achieve carbon neutrality before 2060.	这些是国家目标，不表示每个行业同时达峰，也不保证目标无需进一步政策和技术变化就能实现。	These are national goals; they do not mean every sector peaks simultaneously or that delivery requires no further policy and technology changes.	science_technology_environment	climate_policy	contemporary	china	intermediate	IEA_CHINA_ENERGY	2026-08-06	2026-08-06	qtype::date as_of::2026
sci-renewables-036	为什么中国可再生能源装机快速增长仍不能自动解决电力减排问题？	Why does rapid growth in China’s renewable capacity not automatically solve power-sector decarbonization?	电网还要吸收波动电力，并满足不断增长的总需求。	The grid must integrate variable output while meeting growing total demand.	输电、储能、需求响应、电力市场和灵活调度决定新增风电太阳能能替代多少化石发电。	Transmission, storage, demand response, power markets, and flexible dispatch determine how much new wind and solar can displace fossil generation.	science_technology_environment	energy_transition	contemporary	china	advanced	IEA_CHINA_ENERGY;IEA_SOLAR	2026-08-06	2026-08-06	qtype::qualification as_of::2026
sci-hydro-037	水电在中国电力系统中有什么双重作用？	What dual role does hydropower play in China’s electricity system?	提供低碳电力，并在部分电站中帮助调节电网。	It supplies low-carbon electricity and, at some plants, helps balance the grid.	水电也受降水和干旱影响，大坝建设还会改变河流生态并涉及移民和跨地区利益。	Hydropower is also affected by rainfall and drought, while dams alter river ecology and involve resettlement and regional interests.	science_technology_environment	clean_energy	contemporary	china	intermediate	IEA_CHINA_ENERGY;WB_WATER	2026-08-06	2026-08-06	qtype::tradeoff
sci-nuclear-038	核电在中国能源转型中的主要优势和限制各是什么？	What are a principal advantage and limitation of nuclear power in China’s energy transition?	它能稳定提供低碳电力，但建设周期长并需要严格安全和废物管理。	It can provide steady low-carbon power, but has long construction times and requires strict safety and waste management.	核电与风电、太阳能、水电和电网改革是并行选择，不是一项技术单独解决全部问题。	Nuclear, wind, solar, hydro, and grid reform are parallel options; no one technology solves every problem.	science_technology_environment	clean_energy	contemporary	china	intermediate	IEA_CHINA_ENERGY	2026-08-06	2026-08-06	qtype::tradeoff
sci-demand-039	中国能源需求规模为什么对全球能源市场有重要影响？	Why does the scale of China’s energy demand matter to global energy markets?	它能显著影响燃料、矿产、设备和清洁技术的需求与价格。	It can significantly affect demand and prices for fuels, minerals, equipment, and clean technologies.	中国既是大型能源消费国，也是太阳能、电池和其他设备的主要生产国，因此国内政策具有跨境影响。	China is both a major energy consumer and a leading producer of solar, battery, and other equipment, so domestic policy has cross-border effects.	science_technology_environment	energy_system	contemporary	global	advanced	IEA_CHINA_ENERGY;IEA_SOLAR	2026-08-06	2026-08-06	qtype::significance as_of::2026
sci-water-040	中国水资源分布最重要的地区不平衡之一是什么？	What is one of the most important regional imbalances in China’s water resources?	南方总体较丰富，北方许多地区人均水资源较少。	The south is generally better supplied, while many northern areas have less water per person.	人口、农业和工业需求与自然水量分布不匹配，造成地下水压力并推动调水和节水政策。	Population, farming, and industrial demand do not match natural availability, creating groundwater pressure and motivating transfer and conservation policies.	science_technology_environment	water_security	contemporary	china	foundation	WB_WATER;MEE_GEOGRAPHY	2026-08-06	2026-08-06	qtype::comparison
sci-water-041	改善中国水安全为什么既要管水量也要管水质？	Why must improvements in China’s water security address both quantity and quality?	污染会使本来存在的水也不适合饮用、农业或生态使用。	Pollution can make physically available water unsuitable for drinking, farming, or ecosystems.	流域治理需要同时处理工业和农业污染、城市污水、地下水开采、价格激励和生态流量。	Basin management must address industrial and farm pollution, municipal wastewater, groundwater extraction, pricing incentives, and ecological flows together.	science_technology_environment	water_security	contemporary	china	intermediate	WB_WATER	2026-08-06	2026-08-06	qtype::why
sci-air-042	中国城市空气污染治理为什么需要跨地区合作？	Why does urban air-pollution control in China require cooperation across regions?	污染物会随风跨越城市和省界，能源与工业供应链也跨地区连接。	Pollutants travel across city and provincial borders, and energy and industrial supply chains also span regions.	治理措施包括更清洁的能源、工业排放控制、交通政策和监测；不同污染物的来源与健康影响并不完全相同。	Measures include cleaner energy, industrial controls, transport policy, and monitoring; sources and health effects differ among pollutants.	science_technology_environment	air_quality	contemporary	urban_china	intermediate	IEA_CHINA_ENERGY;WB_URBAN	2026-08-06	2026-08-06	qtype::why
sci-desert-043	中国北方防治荒漠化为什么不能只理解为“多种树”？	Why should combating desertification in northern China not be understood simply as “plant more trees”?	植被选择还必须适合当地降水、土壤、放牧和水资源条件。	Vegetation choices must fit local rainfall, soils, grazing, and water conditions.	不适合的高耗水树种可能难以存活；草地管理、农牧方式和社区参与也影响长期效果。	Unsuitable water-demanding trees may fail to survive; grassland management, farming and herding practices, and community participation also affect outcomes.	science_technology_environment	land_restoration	contemporary	northern_china	advanced	MEE_GEOGRAPHY;WB_WATER	2026-08-06	2026-08-06	qtype::qualification
sci-biodiversity-044	为什么中国对全球生物多样性保护很重要？	Why is China important to global biodiversity conservation?	它跨越多种气候和地形，拥有大量特有物种和关键生态系统。	It spans many climates and landforms and contains numerous endemic species and important ecosystems.	保护区、栖息地连接和物种恢复取得一些成果，但城市扩张、基础设施、污染、气候变化和资源利用仍带来压力。	Protected areas, habitat links, and species recovery have produced gains, while urban growth, infrastructure, pollution, climate change, and resource use continue to create pressure.	science_technology_environment	biodiversity	contemporary	china	intermediate	MEE_GEOGRAPHY	2026-08-06	2026-08-06	qtype::significance
sci-transition-045	评价中国绿色转型时为什么应同时看速度和规模？	Why should both speed and scale be considered when assessing China’s green transition?	因为清洁技术增长很快，但中国经济和能源系统的总规模也极大。	Because clean technologies are growing rapidly, but the total economy and energy system are also enormous.	只看新增风电、太阳能和电动汽车会忽略煤炭和总需求；只看排放总量又会忽略技术扩张和未来变化方向。	Looking only at new wind, solar, and EVs misses coal and total demand; looking only at total emissions misses technological expansion and the direction of change.	science_technology_environment	energy_transition	contemporary	china	advanced	IEA_CHINA_ENERGY;IEA_EV_2026;IEA_SOLAR	2026-08-06	2026-08-06	qtype::evaluation as_of::2026
